Target,AdvTime,AdvLoc,V,Neg,VGram,Adj,Phrasal
с утра,0,0,не везёт,1,pres,0,
с утра,0,0,other,0,predicative,0,
с утра,0,в школу,other,0,predicative,0,
с утра,0,0,other,0,predicative,0,
с утра,0,0,other,0,predicative,раннего,
с утра,в четверг,0,other,0,predicative,0,
с утра,0,0,other,0,predicative,раннего,
с утра,завтра,0,other,0,predicative,0,
с утра,0,0,other,0,predicative,0,
с утра,0,0,отказался,0,past,0,
с утра,0,0,other,0,predicative,раннего,
с утра,1 января,0,шол,0,past,раннего,
с утра,10 августа,0,были,0,past,раннего,
с утра,10 мая,0,приступили,0,past,раннего,
с утра,17 декабря,0,стали стягиваться,0,past,раннего,
с утра,20 апреля,на улицах,начались,0,past,0,
с утра,20 апреля,0,продолжает промывать,0,pres,раннего,
с утра,20го,0,промывать,0,inf,раннего,
с утра,22 июня,0,началась,0,past,раннего,
с утра,0,0,быть готовым,0,fut,0,
с утра,30 ноября,во всех магазинах,были изъяты,0,past,0,
с утра,31го,0,начался,0,past,раннего,
с утра,вс,0,other,0,predicative,0,
с утра,5го,0,завязался,0,past,раннего,
с утра,0,0,был,0,past,раннего,
с утра,0,0,беседовал,0,past,0,
с утра,0,0,переживал,0,past,0,
с утра,0,0,были на ногах,0,past,раннего,
с утра,0,0,были запружены,0,past,раннего,
с утра,0,0,отправлялся,0,past,раннего,
с утра,0,0,боролся,0,past,0,
с утра,0,0,боялись,0,past,0,
с утра,0,0,брала,0,past,0,
с утра,0,0,бросился,0,past,раннего,
с утра,0,0,будет уходить,0,fut,раннего,
с утра,ежегодно,0,бывал,0,past,раннего,
с утра,0,0,был здесь,0,past,раннего,
с утра,0,0,была,0,past,раннего,
с утра,0,0,была не в себе,0,past,0,
с утра,завтра,0,были готовы,0,past,0,
с утра,0,в трактире,было,0,past,0,
с утра,0,0,было пасмурно,0,past,0,
с утра,воскресенье,0,было,0,past,0,
с утра,0,0,хотелось,0,past,раннего,
с утра,0,в воду,клади,0,pres,0,
с утра,сегодня,в воздухе,парило,0,past,0,
с утра,0,0,потянулись,0,past,раннего,
с утра,август 25го,0,царило,0,past,раннего,
с утра,сегодня,в городе,other,0,predicative,0,
с утра,0,в городе,приходит,0,pres,0,
с утра,0,0,other,0,predicative,раннего,
с утра,0,0,кипит,0,pres,раннего,
с утра,0,в дверь,трезвонил,0,past,0,
с утра,0,в день игры,полнымполно,0,predicative,0,
с утра,0,в деревянной обшарпанной пивной,продавалось,0,past,раннего,
с утра,сегодня,в кулуарах,держался,0,past,раннего,
с утра,на пятый день,в лагере,началось,0,past,раннего,
с утра,0,в лес,уходили,0,past,0,
с утра,0,0,делают,0,pres,раннего,
с утра,сегодня,0,встала,0,past,0,
с утра,0,в поликлинику,придёт,0,fut,0,
с утра,0,в приёмной,ждавшие,0,ptcp,раннего,
с утра,0,в приемных,толкутся,0,pres,раннего,
с утра,0,в пустыню,уходил,0,past,раннего,
с утра,0,в рабочих районах,развивали,0,past,раннего,
с утра,0,в редакциях,трещали,0,past,раннего,
с утра,0,0,вырядившись,0,converb,раннего,
с утра,в субботу,0,был,0,past,0,
с утра,завтра,в ТаджМахал,не ехать,1,inf,0,
с утра,вчера,0,были окутаны,0,past,раннего,
с утра,0,в трактир,стали собираться,0,past,раннего,
с утра,0,в фоей,приобретали,0,past,0,
с утра,0,в тумане,торговал,0,past,0,
с утра,0,в этот день,обходит,0,pres,0,
с утра,сегодня,0,варил,0,past,0,
с утра,в воскресенье,0,караулил,0,past,раннего,
с утра,0,0,велел готовить,0,past,раннего,
с утра,0,0,засверкало,0,past,раннего,
с утра,0,0,видел,0,past,0,
с утра,0,над городом,висел,0,past,раннего,
с утра,0,0,пившего,0,ptcp,0,
с утра,0,0,возилась,0,past,раннего,
с утра,0,0,взялся,0,past,0,
с утра,вплоть до обеда,0,косил,0,past,раннего,1
с утра,0,0,сворачивались,0,past,раннего,
с утра,0,0,украсились,0,past,раннего,
с утра,0,0,украсились,0,past,раннего,
с утра,0,0,звенело,0,past,раннего,
с утра,с 29 августа,0,стоят,0,pres,раннего,
с утра,0,0,other,0,predicative,раннего,
с утра,0,0,отвечает,0,pres,раннего,
с утра,0,0,силилось,0,past,0,
с утра,0,0,тошнит,0,pres,0,
с утра,всегда,0,варю,0,pres,0,
с утра,всё время,0,вспоминался,0,past,0,
с утра,0,0,вставай,0,imp,0,
с утра,0,0,встал,0,past,0,
с утра,0,0,встала,0,past,0,
с утра,0,0,встали,0,past,0,
с утра,0,повсюду,встречаются,0,pres,раннего,
с утра,0,0,взволновалась,0,past,раннего,
с утра,каждый день,0,усаживалась,0,past,раннего,
с утра,0,0,была заполнена,0,past,раннего,
с утра,0,0,выдавался,0,past,0,
с утра,0,0,выехал,0,past,0,
с утра,0,0,вымыл,0,past,0,
с утра,0,0,охолаживается,0,pres,раннего,
с утра,0,0,выходил,0,past,0,
с утра,0,0,выходили,0,past,раннего,
с утра,0,0,выходить,0,inf,0,
с утра,0,0,выходить,0,inf,раннего,
с утра,на другой день,0,оделся,0,past,раннего,
с утра,на другой день Нового года,0,отправился,0,past,раннего,
с утра,0,0,кличут,0,pres,раннего,
с утра,0,0,мучившая,0,ptcp,0,
с утра,0,0,мотают,0,pres,0,
с утра,0,0,читала газеты,0,past,раннего,
с утра,0,0,готовятся,0,pres,0,
с утра,0,0,грели,0,past,раннего,
с утра,0,0,оставленных,0,ptcp,0,
с утра,0,0,грохотали,0,past,раннего,
с утра,0,0,выпал,0,past,0,
с утра,22го числа,0,спешили,0,past,раннего,
с утра,на следующий день,0,двинуться,0,inf,раннего,
с утра,0,0,дефилируют,0,pres,раннего,
с утра,сегодня,0,дежурил,0,past,0,
с утра,0,0,дежурили,0,past,раннего,
с утра,0,0,other,0,predicative,0,
с утра,до 15 часов,0,сидел,0,past,раннего,
с утра,до вечера,0,звучала,0,past,0,1
с утра,до вечера,0,вспомнили,0,past,0,1
с утра,до вечера,0,стучал,0,past,0,1
с утра,до вечера,0,звоню,0,pres,0,1
с утра,до вечера,0,бродит,0,pres,0,1
с утра,до вечера,0,выделывают,0,pres,0,1
с утра,до вечера,в квартире,не может торчать,1,modal,0,1
с утра,до вечера,в Одукросте,кипела,0,past,0,1
с утра,до вечера,0,говорили,0,past,0,1
с утра,до вечера,0,готовил,0,past,0,1
с утра,до вечера,0,двигалась,0,past,раннего,1
с утра,до вечера,0,был пьян,0,past,0,1
с утра,до вечера,0,пойти маршировать,0,fut,0,1
с утра,до вечера,0,кружилась,0,past,0,1
с утра,до вечера,0,маялись,0,past,0,1
с утра,до вечера,0,заняты,0,predicative,0,1
с утра,до вечера,0,уходили,0,past,раннего,1
с утра,до вечера,на пустыре,other,0,predicative,0,1
с утра,до вечера,на рабочем месте,находясь,0,converb,0,1
с утра,до вечера,0,называют,0,pres,0,1
с утра,до вечера,0,не прекращалась,1,past,раннего,1
с утра,до вечера,0,освещалась,0,past,0,1
с утра,до вечера,0,бегущих,0,ptcp,0,1
с утра,до вечера,0,показывать,0,inf,0,1
с утра,до вечера,0,ползут,0,pres,0,1
с утра,до вечера,0,торчал,0,past,0,1
с утра,до вечера,0,потрясали,0,past,0,1
с утра,до вечера,0,бродил,0,past,раннего,1
с утра,до вечера,0,продолжал заниматься,0,past,0,1
с утра,до вечера,0,кричат,0,pres,0,1
с утра,до вечера,0,прощупывает,0,pres,0,1
с утра,до вечера,0,работает,0,pres,раннего,1
с утра,до вечера,0,могу сидеть,0,modal,0,1
с утра,до вечера,0,слушает,0,pres,0,1
с утра,до вечера,0,сыплются,0,pres,0,1
с утра,до вечера,0,просят кормить,0,pres,0,1
с утра,до вечера,0,были намалеваны,0,past,0,1
с утра,до вечера,0,хлопотал,0,past,раннего,1
с утра,до вечера,0,ходят,0,pres,0,1
с утра,до вечера,0,чистил,0,past,раннего,1
с утра,до вечера,0,корпел,0,past,0,1
с утра,до вечера,0,other,0,predicative,0,1
с утра,до вечера,0,жрёт,0,pres,0,1
с утра,до вечера,0,пили,0,past,0,1
с утра,до вечера,0,драила,0,past,0,1
с утра,до вечера,0,топил,0,past,0,1
с утра,до вечера,0,пьёт,0,pres,0,1
с утра,до вечера,0,мучались,0,past,0,1
с утра,до вечера,0,крутили,0,past,0,1
с утра,до вечера,0,работает,0,pres,0,1
с утра,до вечера,0,играл,0,past,0,1
с утра,до вечера,0,могла прийти,0,modal,0,1
с утра,до вечера,0,ходят,0,pres,0,1
с утра,до вечера,0,работаю,0,pres,0,1
с утра,до вечера,0,играют,0,pres,0,1
с утра,до вечера,0,звонит,0,pres,0,1
с утра,до вечера,0,пашут,0,pres,0,1
с утра,до вечера,0,таскал,0,past,0,1
с утра,до вечера,0,двигались,0,past,0,1
с утра,до вечера,0,other,0,predicative,0,1
с утра,до вечера,0,сидел,0,past,0,1
с утра,до вечера,0,был занят,0,past,раннего,1
с утра,до вечера,0,пропадала,0,past,0,1
с утра,до вечера,0,общаюсь,0,pres,0,1
с утра,до вечера,0,оставались,0,past,0,1
с утра,до вечера,0,дежурили,0,past,0,1
с утра,до вечера,0,молить,0,inf,0,1
с утра,до вечера,0,помню,0,pres,0,1
с утра,до вечера,0,продолжались,0,past,0,1
с утра,до вечера,0,занимался,0,past,0,1
с утра,до вечера,0,other,0,predicative,0,1
с утра,до вечера,0,other,0,predicative,раннего,1
с утра,до вечера,0,бываю занят,0,pres,раннего,1
с утра,до вечера,0,заниматься,0,inf,0,1
с утра,до вечера,0,работаем,0,pres,0,1
с утра,до вечера,0,работал,0,past,0,1
с утра,до вечера,0,ремонитируют,0,pres,0,1
с утра,до глубокой ночи,0,трудился,0,past,раннего,1
с утра,до глубокой ночи,0,работаем,0,pres,раннего,1
с утра,до глубокой ночи,0,занимался,0,past,раннего,1
с утра,до глубокой ночи,0,бегал,0,past,раннего,1
с утра,до завтрака,0,занимаются,0,pres,раннего,
с утра,до заката,0,шла,0,past,раннего,
с утра,до захождения солнца,0,сидишь,0,pres,раннего,
с утра,до ночи,0,снимался,0,past,0,1
с утра,до ночи,0,оставался,0,past,раннего,1
с утра,до ночи,0,работать,0,inf,0,1
с утра,до ночи,0,бьется,0,pres,0,1
с утра,до ночи,0,охватывала,0,past,раннего,1
с утра,до ночи,0,гуляет,0,pres,0,1
с утра,до ночи,0,other,0,predicative,0,1
с утра,до ночи,0,бродил,0,past,0,1
с утра,до ночи,на лавочке,сидела,0,past,0,1
с утра,до ночи,на работе,other,0,predicative,0,1
с утра,до ночи,на работе,other,0,predicative,0,1
с утра,до ночи,0,обихаживала,0,past,0,1
с утра,до ночи,0,не будет описывать,1,fut,0,1
с утра,до ночи,0,паковались,0,past,0,1
с утра,до ночи,0,погружайся,0,imp,0,1
с утра,до ночи,0,other,0,predicative,0,1
с утра,до ночи,0,other,0,predicative,0,1
с утра,до ночи,0,работала,0,past,0,1
с утра,до ночи,0,сходит с ума,0,pres,0,1
с утра,до ночи,0,надоело торчать,0,past,0,1
с утра,до ночи,0,убирал,0,past,раннего,1
с утра,до ночи,0,шуми,0,imp,0,1
с утра,до ночи,0,начала болеть,0,past,0,1
с утра,до ночи,0,таскаешь,0,pres,0,1
с утра,до ночи,0,пить,0,inf,0,1
с утра,до ночи,0,подпрыгивая,0,converb,0,1
с утра,до ночи,0,носилась,0,past,0,1
с утра,до ночи,0,пришлось работать,0,past,0,1
с утра,до ночи,0,other,0,predicative,0,1
с утра,до ночи,0,трудился,0,past,0,1
с утра,до ночи,0,балуемся,0,pres,0,1
с утра,до ночи,0,other,0,predicative,0,1
с утра,до ночи,0,работал,0,past,0,1
с утра,до ночи,0,курила,0,past,0,1
с утра,до ночи,0,лупил,0,past,0,1
с утра,до ночи,0,other,0,predicative,0,1
с утра,до ночи,0,работали,0,past,раннего,1
с утра,до ночи,0,смотрел,0,past,0,1
с утра,до ночи,0,other,0,predicative,0,1
с утра,до ночи,0,other,0,predicative,0,1
с утра,до ночи,0,пьёшь,0,pres,0,1
с утра,до обеда,0,пьют,0,pres,раннего,
с утра,до обеда,0,работала,0,past,раннего,
с утра,до отбоя,0,заставляли становиться,0,past,раннего,
с утра,до отбоя,0,пустили,0,past,0,
с утра,до первых сумерек,0,состояла,0,past,раннего,
с утра,до позднего вечера,0,гнуть,0,inf,раннего,1
с утра,до позднего вечера,0,был занят,0,past,раннего,1
с утра,до позднего вечера,0,звонили,0,past,раннего,1
с утра,до позднего вечера,0,пребывала,0,past,раннего,1
с утра,до позднего вечера,0,other,0,predicative,раннего,1
с утра,до позднего вечера,0,поют,0,pres,раннего,1
с утра,до позднего вечера,0,пели,0,past,раннего,1
с утра,до позднего вечера,0,кочует,0,pres,раннего,1
с утра,до позднего вечера,0,не смолкает,1,pres,раннего,1
с утра,до позднего вечера,0,other,0,predicative,раннего,1
с утра,до позднего вечера,0,other,0,predicative,раннего,1
с утра,до позднего вечера,0,утомляли,0,past,раннего,1
с утра,до позднего вечера,в квартире,шла,0,past,раннего,1
с утра,до позднего вечера,0,разбивали,0,past,раннего,1
с утра,до позднего вечера,в Риге,ревела,0,past,раннего,1
с утра,до позднего вечера,0,были заполнены,0,past,раннего,1
с утра,до позднего вечера,в Кремле,слоняются,0,pres,раннего,1
с утра,до позднего вечера,0,ведем,0,pres,раннего,1
с утра,до позднего вечера,0,ловят,0,pres,раннего,1
с утра,до позднего вечера,0,прошёл,0,past,раннего,1
с утра,до позднего вечера,0,занят,0,predicative,раннего,1
с утра,до позднего вечера,0,окружали,0,past,раннего,1
с утра,до позднего вечера,0,моросил,0,past,раннего,1
с утра,до позднего вечера,0,other,0,predicative,раннего,1
с утра,до позднего вечера,0,обязаны охранять,0,modal,раннего,1
с утра,до позднего вечера,0,думать,0,inf,раннего,1
с утра,до позднего вечера,0,продолжилась,0,past,раннего,1
с утра,до позднего вечера,0,стучали,0,past,раннего,1
с утра,до позднего вечера,0,не оставлял,1,past,раннего,1
с утра,до позднего вечера,0,был занят,0,past,раннего,1
с утра,до позднего вечера,0,работают,0,pres,0,1
с утра,до поздней ночи,0,были заняты,0,past,раннего,1
с утра,до поздней ночи,0,не закрывались,1,past,раннего,1
с утра,до поздней ночи,0,продолжались,0,past,раннего,1
с утра,до поздней ночи,0,работают,0,pres,раннего,1
с утра,до поздней ночи,0,пропадал,0,past,раннего,1
с утра,до поздней ночи,0,были раскрыты,0,past,раннего,1
с утра,до поздней ночи,0,шли,0,past,раннего,1
с утра,до поздней ночи,0,не гремят,1,pres,раннего,1
с утра,до поздней ночи,0,объезжать,0,inf,раннего,1
с утра,до поздней ночи,0,горят,0,pres,раннего,1
с утра,до поздней ночи,0,работало,0,past,раннего,1
с утра,до поздней ночи,0,гудит,0,pres,раннего,1
с утра,до поздней ночи,0,сидим,0,pres,раннего,1
с утра,до поздней ночи,0,продолжался,0,past,раннего,1
с утра,до поздней ночи,0,вкушали,0,past,раннего,1
с утра,до поздней ночи,в мастерской,бьется,0,pres,раннего,1
с утра,до поздней ночи,0,не закрывались,1,past,раннего,1
с утра,до поздней ночи,0,обращались,0,past,раннего,1
с утра,до поздней ночи,0,склонялся,0,past,раннего,1
с утра,до поздней ночи,0,не даешь покоя,1,pres,раннего,1
с утра,до поздней ночи,0,ходила,0,past,раннего,1
с утра,до поздней ночи,0,считала,0,past,раннего,1
с утра,до поздней ночи,0,толпились,0,past,раннего,1
с утра,до поздней ночи,0,other,0,predicative,0,1
с утра,до поздней ночи,0,ходит,0,pres,0,1
с утра,до поздноты,0,тащила,0,past,0,
с утра,до полудня,0,other,0,predicative,раннего,
с утра,до полуночи,0,принимал,0,past,раннего,
с утра,до полуночи,0,просидела,0,past,0,
с утра,до потемок,0,гнут,0,pres,раннего,
с утра,до рассвета,0,сжигавшим,0,ptcp,0,
с утра,до репетиций,0,снимались,0,past,раннего,
с утра,до самого вечера,0,изнурялся,0,past,раннего,
с утра,до полудни,0,осуществляли,0,past,0,
с утра,до утра,0,работал,0,past,0,
с утра,0,0,договорились,0,past,0,
с утра,0,0,льёт,0,pres,0,
с утра,0,0,должен был раздобыть,0,modal,0,
с утра,0,0,наполнялся,0,past,раннего,
с утра,0,0,томило,0,past,0,
с утра,0,0,искали,0,past,раннего,
с утра,0,0,добыла,0,past,раннего,
с утра,0,0,ехал,0,past,0,
с утра,0,0,не доделал,1,past,0,
с утра,0,0,не шаталось,1,past,0,
с утра,0,0,затягивая,0,converb,0,
с утра,0,0,жаловавшаяся,0,ptcp,0,
с утра,0,0,ждал,0,past,0,
с утра,0,0,плясатьдергаться,1,inf,0,
с утра,0,0,живу,0,pres,0,
с утра,0,0,other,0,predicative,раннего,
с утра,0,за работой,other,0,predicative,раннего,
с утра,0,0,позвонил,0,past,0,
с утра,0,0,забирал,0,past,раннего,
с утра,0,0,забирался,0,past,0,
с утра,0,0,забравшись,0,converb,раннего,
с утра,завтра,0,залезть,0,inf,0,
с утра,0,0,заливают,0,pres,0,
с утра,0,0,упал,0,past,0,
с утра,0,0,бежим занимать,0,pres,0,
с утра,0,0,заняла,0,past,0,
с утра,0,0,запершись,0,converb,раннего,
с утра,0,0,запеть,0,inf,0,
с утра,0,0,заполонили,0,past,раннего,
с утра,сегодня,0,заседает,0,pres,раннего,
с утра,0,0,затевались,0,past,0,
с утра,0,0,захватить,0,inf,раннего,
с утра,сегодня,0,захотела поменять,0,past,0,
с утра,0,0,звенит,0,pres,раннего,
с утра,0,0,находимся,0,pres,раннего,
с утра,0,0,other,0,predicative,0,
с утра,0,0,собирались,0,past,раннего,
с утра,0,0,приходить,0,inf,0,
с утра,0,0,дул,0,past,раннего,
с утра,0,0,накатят,0,fut,0,
с утра,0,0,топились,0,past,раннего,
с утра,и до вечера,0,сидели,0,past,раннего,1
с утра,и до вечера,0,проводил,0,past,раннего,1
с утра,и до вечера,0,занят,0,predicative,0,1
с утра,и до вечера,0,может слушать,0,modal,0,1
с утра,и до вечера,0,other,0,predicative,0,1
с утра,и до вечера,0,other,0,predicative,0,1
с утра,и до восьми вечера,0,были на ногах,0,past,раннего,
с утра,до двух часов дня,накануне праздника,украшали,0,past,раннего,
с утра,и до ночи,0,идут,0,pres,раннего,1
с утра,и до ночи,0,стал заполняться,0,past,раннего,1
с утра,и до ночи,0,занимайся,0,imp,0,1
с утра,и до позднего вечера,0,начиная,0,converb,раннего,1
с утра,и до позднего вечера,0,любит работать,0,pres,раннего,1
с утра,и до позднего вечера,0,работают,0,pres,раннего,1
с утра,и до позднего вечера,0,была полна,0,past,раннего,1
с утра,и до позднего вечера,0,other,0,predicative,раннего,1
с утра,и до позднего вечера,0,сидеть,0,inf,раннего,1
с утра,и до позднего вечера,0,находился,0,past,раннего,1
с утра,и до позднего вечера,0,пропадал,0,past,раннего,1
с утра,и до позднего вечера,0,начал заниматься,0,past,раннего,1
с утра,и до позднего вечера,0,сменял,0,past,раннего,1
с утра,и до поздней ночи,0,работать,0,inf,раннего,1
с утра,и до поздней ночи,0,трудится,0,pres,раннего,1
с утра,и до поздней ночи,0,занимался,0,past,раннего,1
с утра,и до поздней ночи,0,занимались,0,past,раннего,1
с утра,и до поздней ночи,0,стоял,0,past,раннего,1
с утра,и до поздней ночи,0,были наполнены,0,past,раннего,1
с утра,и до пяти,0,сидела,0,past,раннего,
с утра,и до пяти,0,пылили,0,past,раннего,
с утра,и до темноты,0,шагаем,0,pres,раннего,
с утра,и до часу,0,приходится работать,0,pres,раннего,
с утра,и до позна,тут,многолюдно,0,predicative,раннего,
с утра,0,0,писал,0,past,0,
с утра,0,0,пробивай,0,imp,0,
с утра,0,0,началось,0,past,раннего,
с утра,0,0,уходили,0,past,раннего,
с утра,0,0,не возвращался,1,past,раннего,
с утра,0,0,ехали,0,past,раннего,
с утра,0,0,играл,0,past,раннего,
с утра,0,0,идет,0,pres,0,
с утра,0,0,идет,0,pres,раннего,
с утра,0,0,был пробужден,0,past,раннего,
с утра,0,0,направились,0,past,раннего,
с утра,0,0,изволил выехать,0,past,0,
с утра,завтра,0,other,0,predicative,0,
с утра,0,0,носился,0,past,0,
с утра,0,0,работает,0,pres,0,
с утра,0,0,испытал,0,past,0,
с утра,0,0,ищем,0,pres,0,
с утра,0,к вокзалу,тянутся,0,pres,раннего,
с утра,завтра,к врачу,other,0,predicative,0,
с утра,вчера,к Кремлю,тянулись,0,past,раннего,
с утра,0,к могилам,стали стекаться,0,past,раннего,
с утра,сегодня,к нам,пришел бы,0,past,0,
с утра,0,к нему,выстраивалась,0,past,раннего,
с утра,0,к нему,забрался,0,past,раннего,
с утра,0,к Трофимычу,поехал,0,past,0,
с утра,сегодня,0,сбегала,0,past,0,
с утра,0,0,не вздохнула,1,past,раннего,
с утра,0,0,караулим,0,pres,0,
с утра,0,0,умывался,0,past,раннего,
с утра,0,0,варила,0,past,0,
с утра,0,0,был,0,past,раннего,
с утра,0,0,варить,0,inf,0,
с утра,0,0,other,0,predicative,0,
с утра,0,0,не стал открывать,1,past,0,
с утра,0,0,суетился,0,past,раннего,
с утра,0,0,колол,0,past,0,
с утра,0,0,косить,0,inf,раннего,
с утра,0,0,other,0,predicative,0,
с утра,0,0,кушать,1,inf,0,
с утра,завтра,0,other,0,predicative,0,
с утра,0,0,шла,0,past,0,
с утра,0,0,other,0,predicative,0,
с утра,0,0,собрали,0,past,0,
с утра,0,0,надевать,0,inf,0,
с утра,0,0,надевать,0,inf,0,
с утра,на следующий день,0,высыпали,0,past,раннего,
с утра,0,0,искала,0,past,раннего,
с утра,в тот день,0,готовилась,0,past,0,
с утра,0,0,мерз,0,past,раннего,
с утра,0,0,металась,0,past,раннего,
с утра,весь день,0,был на ногах,0,past,раннего,
с утра,0,0,не могла напомнить,1,modal,0,
с утра,0,0,вымыт,0,past,0,
с утра,0,0,могу забыть,0,modal,0,
с утра,0,0,тянуло,0,past,раннего,
с утра,0,0,можно найти,0,modal,0,
с утра,в этот день,0,начинало раздражать,0,past,0,
с утра,0,0,не годилось мочить,1,past,0,
с утра,0,0,мучает,0,pres,0,
с утра,0,0,мучила,0,past,раннего,
с утра,0,0,съезжались,0,past,раннего,
с утра,первого мая,0,должны были собраться,0,modal,0,
с утра,0,0,не ели,1,past,раннего,
с утра,0,0,покатили,0,past,раннего,
с утра,сегодня,0,убираемся,0,pres,раннего,
с утра,0,0,приступили,0,past,раннего,
с утра,0,0,чистили,0,past,раннего,
с утра,0,0,мыли,0,past,раннего,
с утра,0,на базарной площади,шла,0,past,раннего,
с утра,0,на базе,ревут,0,pres,раннего,
с утра,0,на Барочную,начинали прибывать,0,past,раннего,
с утра,0,на Невском,стояла,0,past,раннего,
с утра,0,на охоте,был,0,past,раннего,
с утра,0,на охоту,отправились,0,past,раннего,
с утра,0,на площади,other,0,predicative,раннего,
с утра,0,на Подгородней,стали рваться,0,past,раннего,
с утра,0,на поле,выезжают,0,pres,раннего,
с утра,0,на поляну,стали прибывать,0,past,раннего,
с утра,0,на работу,пришли,0,past,0,
с утра,0,на раскопках,other,0,predicative,раннего,
с утра,0,на репетиции,была,0,past,0,
с утра,0,на рижском фронте,начинается,0,pres,раннего,
с утра,0,на рынке,было пусто,0,past,0,
с утра,0,0,направляется,0,pres,0,
с утра,0,0,начинаю работать,0,pres,0,
с утра,на следующий день,0,наряжал,0,past,раннего,
с утра,0,на столе,other,0,predicative,раннего,
с утра,0,на трамвайных путях,работала,0,past,раннего,
с утра,0,на улицах,пил,0,past,0,
с утра,0,на фронт,наступать,0,inf,раннего,
с утра,на целый день,0,перекрывает,0,pres,0,
с утра,на целый день,0,любит налопаться,0,pres,0,
с утра,0,0,перевозили,0,past,раннего,
с утра,0,0,наблюдал,0,past,раннего,
с утра,0,0,появился,0,past,0,
с утра,0,0,надевает,0,pres,раннего,
с утра,0,0,надела,0,past,0,
с утра,0,0,надо заехать,0,modal,0,
с утра,0,0,надо опускать,0,modal,раннего,
с утра,0,0,накрапывает,0,pres,0,
с утра,0,0,любила,0,past,0,
с утра,0,0,наливается,0,pres,0,
с утра,0,0,нарядил,0,past,раннего,
с утра,0,0,находился,0,past,0,
с утра,0,0,начавшей,0,ptcp,0,
с утра,0,0,началась,0,past,раннего,
с утра,2го августа,0,началась,0,past,раннего,
с утра,0,0,начали появляться,0,past,раннего,
с утра,в этот же день,0,начались,0,past,раннего,
с утра,0,0,начались,0,past,раннего,
с утра,0,0,началось,0,past,раннего,
с утра,0,0,начать,0,inf,раннего,
с утра,0,0,начать,0,inf,0,
с утра,0,0,начиналась,0,past,раннего,
с утра,завтра,0,начнем,0,fut,0,
с утра,0,0,начнет слать,0,pres,0,
с утра,0,тут,начнется,0,pres,0,
с утра,завтра,0,начнут пороть,0,pres,0,
с утра,0,0,нашлось,0,past,0,
с утра,0,0,не будет,1,fut,0,
с утра,0,0,не была,1,past,раннего,
с утра,0,0,не виделись,1,past,0,
с утра,0,0,не возиться,1,inf,0,
с утра,0,0,не дозванивалась,1,past,0,
с утра,0,0,не ел,1,past,0,
с утра,0,0,не ел,1,past,0,
с утра,0,0,не ела,1,past,0,
с утра,0,0,не ели,1,past,раннего,
с утра,0,0,работало,0,past,раннего,
с утра,0,0,не расставался,1,past,0,
с утра,0,0,не рекомендуют,1,pres,0,
с утра,0,0,не сходили,1,past,раннего,
с утра,0,0,было обложено,0,past,раннего,
с утра,сегодня,0,укрыто,0,predicative,раннего,
с утра,0,0,недолбанные,1,ptcp,0,
с утра,0,0,улыбалась,0,past,0,
с утра,0,0,можно помолчать,0,modal,0,
с утра,0,0,несло,0,past,раннего,
с утра,0,0,несут,0,pres,раннего,
с утра,0,0,снаряжают,0,pres,раннего,
с утра,0,0,other,1,predicative,0,
с утра,0,0,укладывается,0,pres,раннего,
с утра,0,0,не думал,1,past,0,
с утра,0,0,не ел,1,past,0,
с утра,0,0,не ели,1,past,раннего,
с утра,0,0,носившегося,0,ptcp,раннего,
с утра,0,0,носился,0,past,раннего,
с утра,0,0,нужно было съездить,0,modal,0,
с утра,завтра,0,нужно послушать,0,modal,0,
с утра,0,0,стало разъяснивать,0,past,раннего,
с утра,0,0,обращаться,0,inf,раннего,
с утра,0,0,собрались обсудить,0,past,0,
с утра,завтра,0,объявлю,0,past,0,
с утра,0,0,выполняют,0,pres,раннего,
с утра,0,0,оказалось,0,past,0,
с утра,0,0,other,0,predicative,раннего,
с утра,0,0,брал,0,past,0,
с утра,0,0,был приглашен,0,past,0,
с утра,0,0,был уверен,0,past,0,
с утра,0,0,выходил,0,past,раннего,
с утра,0,0,добирается,0,pres,0,
с утра,все выходные,0,катает,0,pres,раннего,
с утра,0,0,не признавал,1,past,0,
с утра,0,0,не ел,1,past,раннего,
с утра,0,0,стал томиться,0,past,0,
с утра,0,0,бежал,0,past,раннего,
с утра,0,0,успел встретиться,0,past,0,
с утра,0,0,наклевывается,0,pres,раннего,
с утра,0,0,бывала,0,past,раннего,
с утра,0,0,была,0,past,раннего,
с утра,0,0,думала,0,past,0,
с утра,0,0,не ела,1,past,0,
с утра,0,0,не ела,1,past,0,
с утра,0,0,носились,0,past,раннего,
с утра,0,0,other,0,predicative,0,
с утра,в последний день,0,печет,0,pres,0,
с утра,0,0,осматривал,0,past,раннего,
с утра,0,0,ходила,0,past,раннего,
с утра,0,от села,идут,0,pres,раннего,
с утра,0,0,отправились,0,past,раннего,
с утра,0,0,отправился,0,past,раннего,
с утра,0,0,решил отправить,0,past,раннего,
с утра,0,0,обещал отправиться,0,past,раннего,
с утра,на следующий день,0,решил отправиться,0,past,раннего,
с утра,0,0,отправлялась,0,past,0,
с утра,0,0,отправлялся,0,past,раннего,
с утра,завтра,0,отправятся,0,pres,раннего,
с утра,0,0,ходил,0,past,раннего,
с утра,0,0,палил,0,past,раннего,
с утра,0,0,палило,0,past,0,
с утра,сегодня,0,other,0,predicative,0,
с утра,0,0,other,0,predicative,0,
с утра,0,0,перезвонили,0,past,0,
с утра,завтра,0,пересечемся,0,fut,0,
с утра,0,0,перечитаешь,0,fut,0,
с утра,0,0,наговорил,0,past,раннего,
с утра,0,по городу,ходили,0,past,0,
с утра,0,0,покупает,0,pres,0,
с утра,0,по двору,ходили,0,past,раннего,
с утра,0,по небу,мчатся,0,pres,раннего,
с утра,0,0,попряталось,0,past,0,
с утра,0,0,выдавали,0,past,0,
с утра,0,по праздникам,зажигала,0,past,0,
с утра,0,по Уклееву,разъезжали,0,past,раннего,
с утра,0,0,шли,0,past,раннего,
с утра,0,0,повалил,0,past,0,
с утра,0,0,поговорила,0,past,0,
с утра,0,0,other,0,predicative,0,
с утра,каждый день,0,работает,0,pres,раннего,
с утра,0,0,подготовим,0,fut,0,
с утра,0,0,подмалевавши,0,converb,0,
с утра,0,0,подметал,0,past,раннего,
с утра,0,0,поднималось,0,past,раннего,
с утра,0,0,other,0,predicative,0,
с утра,завтра,0,поеду,0,fut,0,
с утра,0,0,тащит,0,pres,раннего,
с утра,завтра,0,пойдем,0,fut,0,
с утра,0,0,пойти,0,inf,0,
с утра,0,0,полетел,0,past,0,
с утра,0,0,гоняли,0,past,раннего,
с утра,0,0,положил,0,past,0,
с утра,0,0,помыла,0,past,0,
с утра,0,0,понеслись,0,past,0,
с утра,пораньше в воскресенье,0,еду,0,pres,0,1
с утра,пораньше,гдето в гостях,искать,0,inf,0,1
с утра,пораньше,0,гладили,0,past,0,1
с утра,пораньше,0,нужно кипятить,0,modal,0,1
с утра,пораньше,0,колесит,0,pres,0,1
с утра,пораньше,0,позвонила,0,past,0,1
с утра,пораньше,0,стоит,0,pres,0,1
с утра,пораньше,0,other,0,predicative,0,1
с утра,пораньше,0,пьет,0,pres,0,1
с утра,пораньше,0,двинул,0,past,0,1
с утра,пораньше,0,нажрался,0,past,0,1
с утра,пораньше,0,залили,0,past,0,1
с утра,пораньше,0,other,0,predicative,0,1
с утра,пораньше,0,едим,0,pres,0,1
с утра,0,0,поехала посмотреть,0,past,0,
с утра,0,0,потянулись,0,past,раннего,
с утра,0,0,похаживали,0,past,раннего,
с утра,0,0,other,0,predicative,раннего,
с утра,0,0,накормить,0,inf,0,
с утра,вчера,0,пошла,0,past,0,
с утра,0,0,пошла косить,0,past,0,
с утра,0,0,пошлю,0,fut,раннего,
с утра,0,0,other,0,predicative,0,
с утра,вчера,0,начал падать,0,past,раннего,
с утра,0,0,приезжали,0,past,раннего,
с утра,0,0,приехали,0,past,раннего,
с утра,0,0,приехали,0,past,раннего,
с утра,0,0,прилипло,0,past,0,
с утра,0,0,принесенных,0,ptcp,раннего,
с утра,0,0,принимался,0,past,раннего,
с утра,0,0,принявший,0,ptcp,0,
с утра,завтра,0,приняться,0,inf,раннего,
с утра,0,0,присаживался,0,past,0,
с утра,0,0,перебиравшая,0,ptcp,раннего,
с утра,0,0,приступаю,0,pres,0,
с утра,0,0,приходят пить,0,pres,раннего,
с утра,0,0,переполнен,0,predicative,раннего,
с утра,0,0,other,0,predicative,0,
с утра,0,0,принялся,0,past,раннего,
с утра,0,0,прошли,0,past,0,
с утра,весною,из церкви,уходили,0,past,раннего,
с утра,0,0,пьет,0,pres,раннего,
с утра,сегодня,0,пьян,0,predicative,0,
с утра,0,0,пьяные,0,predicative,0,
с утра,0,0,пьяный,0,predicative,0,
с утра,пятнадцатого,0,стоят,0,pres,раннего,
с утра,пятницы,0,демонстрировал,0,past,0,
с утра,каждый день,0,работает,0,pres,0,
с утра,каждый день,0,работали,0,past,раннего,
с утра,0,0,работалось,0,past,0,
с утра,сегодня,0,работаю,0,pres,0,
с утра,0,0,работают,0,pres,раннего,
с утра,0,0,проделывали,0,past,раннего,
с утра,0,0,было,0,past,раннего,
с утра,0,0,разозлилась,0,past,0,
с утра,0,0,разукрасилась,0,past,раннего,
с утра,0,0,велел,0,past,раннего,
с утра,0,0,растягивал,0,past,0,
с утра,0,0,расчистив,0,converb,раннего,
с утра,0,0,режется,0,pres,раннего,
с утра,сегодня,0,решил,0,past,0,
с утра,0,0,other,0,predicative,0,
с утра,0,0,other,0,predicative,0,
с утра,0,0,просыпаешься,0,pres,0,
с утра,0,0,other,0,predicative,0,
с утра,0,0,other,0,predicative,0,
с утра,0,0,сбегал,0,past,0,
с утра,каждый день,0,готовлю,0,past,0,
с утра,в день праздника,0,светит,0,pres,раннего,
с утра,0,0,раскручивалась,0,past,раннего,
с утра,0,0,задал,0,past,0,
с утра,0,0,сдал,0,past,0,
с утра,0,0,подвергается,0,pres,раннего,
с утра,0,0,могли бы сесть,0,modal,0,
с утра,0,0,сидел,0,past,раннего,
с утра,0,0,сидел,0,past,раннего,
с утра,0,в госдепартаменте,сидели,0,past,раннего,
с утра,0,0,сидишь,0,pres,0,
с утра,0,в ресторане,сидят,0,pres,0,
с утра,0,0,скрылся,0,past,раннего,
с утра,в субботу утром,0,следил,0,past,раннего,
с утра,0,0,пронесся,0,converb,0,
с утра,0,0,слышались,0,past,раннего,
с утра,сегодня,0,other,0,predicative,0,
с утра,0,0,был неспешный,0,past,0,
с утра,завтра,0,буду,0,fut,0,
с утра,0,0,выдвинулись,0,past,0,
с утра,0,0,зашевелились,0,past,раннего,
с утра,в понедельник,0,повалил,0,past,0,
с утра,сегодня,0,тошнит,0,pres,0,
с утра,0,0,собирается,0,pres,0,
с утра,0,0,собиралась,0,past,0,
с утра,0,у причала,собрались,0,past,раннего,
с утра,0,0,не жрали,1,past,0,
с утра,0,0,светит,0,pres,раннего,
с утра,0,0,сообщает,0,pres,0,
с утра,0,0,сообщил,0,past,0,
с утра,0,0,составлялся,0,past,раннего,
с утра,0,0,спешили купить,0,past,0,
с утра,0,0,выстраивались,0,past,раннего,
с утра,0,0,достигли,0,past,0,
с утра,0,0,выпивал,0,past,0,
с утра,0,0,стал уверять,0,past,раннего,
с утра,0,0,стали заполнять,0,past,раннего,
с утра,сегодня,0,спросил,0,past,0,
с утра,завтра,0,сдавать,0,inf,0,
с утра,0,0,стекались,0,past,раннего,
с утра,0,0,наполняла,0,past,раннего,
с утра,0,у причалов,стояли,0,past,раннего,
с утра,0,0,стоять,0,inf,раннего,
с утра,0,0,other,0,predicative,раннего,
с утра,по праздникам,0,съезжались,0,past,раннего,
с утра,завтра,0,сядем,0,fut,раннего,
с утра,0,0,звали,0,past,0,
с утра,0,в Москве,other,0,predicative,0,
с утра,0,метро Войковская,имеются,0,pres,0,
с утра,0,0,таскала,0,past,0,
с утра,0,0,уходили,0,past,0,
с утра,0,0,other,0,predicative,0,
с утра,0,0,носился,0,past,раннего,
с утра,29го апреля в понедельник,0,токовал,0,past,раннего,
с утра,0,0,толкались,0,past,раннего,
с утра,0,0,толклись,0,past,раннего,
с утра,0,0,толкутся,0,pres,0,
с утра,0,0,толпится,0,pres,раннего,
с утра,0,0,other,0,predicative,0,
с утра,0,0,other,0,predicative,0,
с утра,сегодня,0,other,0,predicative,0,
с утра,0,0,молчал,0,past,0,
с утра,0,0,могли вместить,0,modal,раннего,
с утра,0,0,поглядывал,0,past,раннего,
с утра,0,0,передавались,0,past,раннего,
с утра,0,0,провела,0,past,0,
с утра,0,0,натянул,0,past,0,
с утра,0,0,стали стекаться,0,past,раннего,
с утра,сегодня,0,тянут,0,pres,раннего,
с утра,0,0,не получался,0,past,0,
с утра,в этот день,0,поднялись,0,past,раннего,
с утра,от времени до времени,0,проходила,0,past,раннего,
с утра,каждое воскресенье,0,бывает,0,pres,раннего,
с утра,0,0,саднило,0,past,0,
с утра,0,у озера,выходить,0,inf,0,
с утра,0,0,уезжали,0,past,раннего,
с утра,0,0,уехал,0,past,раннего,
с утра,0,0,ворчала,0,past,раннего,
с утра,0,0,other,0,predicative,0,
с утра,0,0,сторонился,0,past,раннего,
с утра,0,0,отголосовал,0,past,раннего,
с утра,0,0,трещит,0,pres,раннего,
с утра,0,0,other,0,predicative,0,
с утра,0,0,было трудно,0,past,раннего,
с утра,0,0,уйдёшь,0,fut,0,
с утра,0,0,запружены,0,predicative,раннего,
с утра,0,0,заполнились,0,past,раннего,
с утра,0,по улочкам,погуляв,0,converb,0,
с утра,0,0,умылся,0,past,раннего,
с утра,0,0,усердствовал,0,past,раннего,
с утра,назавтра,0,услать,0,inf,раннего,
с утра,0,0,просыпаюсь,0,pres,0,
с утра,0,0,прислал,0,past,0,
с утра,0,0,уходил,0,past,раннего,
с утра,0,0,уходил,0,past,раннего,
с утра,0,0,уходила,0,past,раннего,
с утра,0,0,уходила,0,past,0,
с утра,0,0,уходила,0,past,раннего,
с утра,0,0,уходят,0,pres,раннего,
с утра,0,0,уходят,0,pres,0,
с утра,0,0,ушел,0,past,раннего,
с утра,0,0,ушла,0,past,0,
с утра,0,0,ушли,0,past,0,
с утра,0,0,принялся,0,past,0,
с утра,сегодня,0,хаял,0,past,0,
с утра,0,0,хлопочет,0,pres,раннего,
с утра,в этот день,0,хлынул,0,past,раннего,
с утра,0,0,ходил,0,past,раннего,
с утра,0,0,ходили,0,past,раннего,
с утра,0,в офисе,царило,0,past,0,
с утра,0,0,царит,0,past,раннего,
с утра,часов до десяти,0,было видеть,0,past,раннего,
с утра,в четверг,через вокзалы,стали прибывать,0,past,раннего,
с утра,0,0,читаю,0,pres,раннего,
с утра,0,0,накипало,0,past,раннего,
с утра,завтра,0,были готовы,0,past,раннего,
с утра,0,0,чувствовали,0,past,раннего,
с утра,0,0,не поубивали,1,past,0,
с утра,0,0,шел,0,past,раннего,
с утра,17 июня,на щелковском аэродроме,шла,0,past,раннего,
с утра,0,в поповском доме,шло,0,past,раннего,
с утра,0,0,шлялся,0,past,раннего,
с утра,0,0,штормит,0,pres,0,
с утра,0,0,шумел,0,past,0,
с утра,0,0,экскурсирует,0,pres,раннего,
с утра,0,0,пить,0,inf,0,
с утра,0,0,other,0,predicative,0,
с утра,0,0,был,0,past,раннего,
с утра,0,0,other,0,predicative,раннего,
с утра,0,0,засели,0,past,раннего,
с утра,0,0,начал,0,past,раннего,
с утра,0,0,попил,0,past,0,
с утра,0,0,пропадал,0,past,раннего,
с утра,0,0,не ел,1,past,раннего,
с утра,сегодня,0,попадал,0,past,0,
с утра ,0,0,ушел,0,past,раннего,
с утра ,0,0,other,0,predicative,сегодняшнего,
с утра,0,0,пойдем,0,fut,0,
с утра,0,0,поднялась,0,past,раннего,
с утра,0,0,уходил,0,past,раннего,
с утра,0,0,сидела,0,past,раннего,
с утра,0,0,обещал прийти,0,past,0,
с утра,в пятницу,0,принимает,0,pres,0,
с утра,0,0,давать,0,inf,0,
с утра,0,0,работал,0,past,раннего,
с утра,сегодня,0,other,0,predicative,раннего,
с утра,0,на Новокузнецкой,встречались,0,past,0,
с утра,0,0,штопает,0,pres,раннего,
с утра,0,0,падает,0,pres,раннего,
с утра,0,0,натрудившись,0,converb,раннего,
с утра,0,0,ждали,0,past,раннего,
с утра,0,0,начала портиться,0,past,0,
с утра,0,0,ждал,0,past,раннего,
с утра,0,0,забрел,0,past,0,
с утра,0,0,собравшись,0,converb,раннего,
с утра,0,0,other,0,predicative,раннего,
с утра,0,0,ел,0,past,0,
с утра,0,0,берусь,0,pres,раннего,
с утра,0,0,толпится,0,pres,раннего,
с утра,0,0,переживший,0,ptcp,раннего,
с утра,0,0,начинается,0,pres,раннего,
с утра,0,0,продолжалась,0,past,раннего,
с утра,0,0,началась,0,past,раннего,
с утра,0,0,гудели,0,past,раннего,
с утра,0,0,начиналась,0,past,раннего,
с утра ,0,0,обогащается,0,pres,сегодняшнего,
с утра,0,0,бил,0,past,0,
с утра,0,0,встречались,0,past,0,
с утра,0,0,набегавшись,0,converb,раннего,
с утра,0,0,стали,0,past,раннего,
с утра,0,0,преполагалось,0,past,раннего,
с утра,0,0,не бодрит,1,pres,0,
с утра,0,0,был разгружен,0,past,0,
с утра,0,0,занял,0,past,раннего,
с утра,0,0,был,0,past,раннего,
с утра,завтра,0,поехали,0,past,0,
с утра,0,0,начал растрачивать,0,past,прошлого,
с утра,0,0,потянулись,0,past,раннего,
с утра,0,0,переходил,0,past,раннего,
с утра,0,0,приходит,0,pres,0,
с утра ,0,0,пошло,0,past,сегодняшнего,
с утра,в субботу,0,собирается,0,pres,раннего,
с утра,0,0,хотелось двинуться,0,past,раннего,
с утра,0,0,было,0,past,0,
с утра,0,0,едут,0,pres,раннего,
с утра,в понедельник,0,начинает торопиться,0,pres,раннего,
с утра,0,0,жарили,0,past,0,
с утра,0,0,посещал,0,past,раннего,
с утра,0,0,other,0,predicative,0,
с утра,0,0,отметя,0,converb,раннего,
с утра,0,0,наехало,0,past,раннего,
с утра,0,0,проводил,0,past,раннего,
с утра,0,0,слышишь,0,pres,0,
с утра,0,0,встанешь,0,pres,0,
с утра,0,0,приходил,0,past,0,
с утра,0,0,мяукают,0,pres,0,
с утра,0,в редакции,отправила,0,past,0,
с утра,0,0,порвался,0,past,0,
с утра,0,0,посещаете,0,pres,0,
с утра,0,0,сидит,0,pres,0,
с утра,0,0,выпив,0,converb,0,
с утра,0,0,надо брать,0,modal,0,
с утра,0,0,начиная,0,converb,завтрашнего,
с утра,0,0,заняли,0,past,раннего,
с утра,0,0,уставшей,0,ptcp,0,
с утра,0,0,был,0,past,0,
с утра,0,0,начался,0,past,раннего,
с утра,0,0,появившаяся,0,ptcp,0,
с утра,0,0,читал,0,past,раннего,
с утра,0,0,вставать,0,inf,завтрашнего,
с утра,0,0,был занят,0,past,раннего,
с утра,целый день,0,работал,0,past,раннего,
с утра,0,0,было испорчено,0,past,0,
с утра,0,0,советую приезжать,0,pres,0,
с утра,0,0,начал,0,past,позавчерашнего,
с утра,0,0,буду ждать,0,fut,0,
с утра,0,0,видел,0,past,раннего,
с утра,ежедневно,0,направлся,0,past,раннего,
с утра,на другой день,0,уехал,0,past,раннего,
с утра,завтра,0,упереться,0,inf,0,
с утра,0,0,суетился,0,past,раннего,
с утра,0,0,приехал бы,0,past,0,
с утра,0,0,осаждая,0,converb,раннего,
с утра,0,0,сижу,0,pres,раннего,
с утра,0,0,красить,0,inf,0,
с утра,0,0,пропал,0,past,позавчерашнего,
с утра,0,0,являлись,0,past,раннего,
с утра,0,0,навещая,0,converb,0,
с утра,0,0,чешут,0,pres,0,
с утра,0,0,погуляла,0,past,0,
с утра,0,0,искать,0,inf,раннего,
с утра,0,0,маются,0,pres,раннего,
с утра,0,0,занят,0,predicative,раннего,
с утра,0,0,ищем,0,pres,раннего,
с утра,0,0,шляешься,0,pres,0,
с утра,0,0,расправлять,0,inf,0,
с утра,0,0,успела перемазаться,0,past,0,
с утра,сегодня,0,нужно выполнить,0,modal,0,
с утра,0,0,можно было выпить,0,modal,0,
с утра,0,0,прижаться,0,inf,0,
с утра,вчера,0,звонила,0,past,0,
с утра,сегодня,0,было весело,0,past,0,
с утра,0,0,начинали задыхаться,0,past,0,
с утра,0,0,other,0,predicative,0,
с утра,0,0,начинает,0,pres,0,
с утра,завтра,0,фиксить,0,inf,0,
с утра,0,0,other,0,predicative,0,
с утра,0,0,забыл поесть,0,past,0,
с утра,сегодня,0,было весело,0,past,0,
с утра,0,0,не пить,1,inf,0,
с утра,0,0,можно пить,0,modal,0,
с утра,0,0,подъезжайте,0,imp,0,
с утра,0,0,other,0,predicative,0,
с утра,0,0,сплю,0,pres,0,
с утра,0,сюда,выбралась,0,past,0,
с утра,0,0,усыпавших,0,ptcp,раннего,
с утра,0,завтра,назначил,0,past,раннего,
с утра,0,0,были закрыты,0,past,раннего,
с утра,0,0,садился,0,past,раннего,
с утра,0,0,other,0,predicative,раннего,
с утра,0,0,начнете принимать,0,pres,завтрашнего,
с утра,0,0,трудился,0,past,раннего,
с утра,0,на базаре,раскупались,0,past,раннего,
с утра,0,0,other,0,predicative,раннего,
с утра,0,0,была начата,0,past,раннего,
с утра,0,0,работала,0,past,раннего,
с утра,0,0,работаю,0,pres,раннего,
с утра ,0,0,врезалась,0,past,сегодняшнего,
с утра,0,0,послали,0,past,раннего,
с утра,0,0,начиналась,0,past,раннего,
с утра,0,0,ждал,0,past,раннего,
с утра,0,0,не занимаются,1,pres,раннего,
с утра,0,0,заливать,0,inf,раннего,
с утра,0,0,жарят,0,pres,раннего,
с утра,0,0,являлась,0,past,раннего,
с утра,0,0,начинается,0,pres,раннего,
с утра,0,0,поспеть,0,inf,нонешнего,
с утра,0,0,other,0,predicative,0,
с утра,0,0,вертимся,0,pres,раннего,
с утра,0,0,позвонил,0,past,0,
с утра,0,0,наблюдаю,0,pred,раннего,
с утра,0,0,позвони,0,imp,0,
с утра,0,0,other,0,predicative,раннего,
с утра,0,0,дежурю,0,pres,0,
с утра,завтра,0,other,0,predicative,0,
с утра,0,0,исчезал,0,past,раннего,
с утра,0,0,начнем,0,fut,завтрашнего,
с утра,0,0,мотаюсь,0,pres,раннего,
с утра,0,0,были оживлены,0,past,раннего,
с утра,0,0,подъезжайте,0,imp,0,
с утра,завтра,0,other,0,predicative,0,
с утра,0,0,был злой,0,past,0,
с утра,завтра,0,other,0,predicative,0,
с утра,0,0,допрашивали,0,past,0,
с утра,0,0,надо было становиться,0,modal,раннего,
с утра,0,0,ела,0,past,0,
с утра ,0,0,other,0,predicative,сегодняшнего,
с утра,0,в Иудее,минувшие,0,ptcp,пасхального,
с утра,0,0,пойдут,0,fut,завтрашнего,
с утра,0,0,должен был называться,0,modal,завтрашнего,
с утра,0,0,думаю,0,pres,нынешнего,
с утра,0,0,засядет,0,pres,завтрашнего,
с утра,0,0,начинается,0,pres,завтрашнего,
с утра,0,0,замер,0,past,следующего,
с утра,0,0,объявляем,0,pres,завтрашнего,
с утра,0,0,поедет,0,fut,завтрашнего,
с утра,0,0,начал,0,past,нынешнего,
с утра ,0,0,начались,0,past,сегодняшнего,
с утра,0,0,начался,0,past,следующего,
с утра,0,0,начинай,0,imp,завтрашнего,
с утра ,0,0,не проживает,1,pres,сегодняшнего,
с утра,0,0,отключаем,0,pres,завтрашнего,
с утра,0,0,собираясь посвятить,0,converb,завтрашнего,
с утра ,0,0,развевается,0,pres,сегодняшнего,
с утра,0,0,оставшуюся,0,ptcp,рокового,
с утра ,0,0,ждет,0,pres,сегодняшнего,
с утра ,0,0,допускаются,0,pres,сегодняшнего,
с утра,0,0,будешь делать,0,fut,завтрашнего,
с утра,0,0,будешь делать,0,fut,завтрашнего,
с утра ,0,0,other,1,predicative,сегодняшнего,
с утра ,0,0,перестали устраиваться,0,past,сегодняшнего,
с утра ,0,0,решил закалять,0,past,сегодняшнего,
утром,сегодня,0,начнет суетиться,0,pres,0,
утром,в среду,0,проходил,0,past,0,
утром,три дня назад,0,не видели,0,past,0,
утром,сегодня,0,видел,0,past,0,
утром,0,на развод,идти,0,pres,0,
утром,0,0,выехать,0,inf,0,
утром,рано,0,нагрянули,0,past,0,
утром,0,0,было небезопасно,0,past,0,
утром,вчера,0,начался,0,past,0,
утром,сегодня,0,пришла в себя,0,past,0,
утром,0,0,появился,0,past,ранним,
утром,0,0,предложил заниматься,0,past,0,
утром,0,0,выехали,0,past,снежным,
утром,0,0,творилось,0,past,этим,
утром,в тот день,0,пришла,0,past,0,
утром,0,0,other,0,predicative,0,
утром,давеча,0,other,0,predicative,0,
утром,0,0,вернулась,0,past,0,
утром,0,0,было,0,past,0,
утром,0,0,заметил,0,past,0,
утром,0,0,знал,0,past,0,
утром,0,0,other,1,predicative,0,
утром,завтра,0,звонил,0,past,0,
утром,вчера,0,стало плохо,0,past,0,
утром,0,0,купил,0,past,0,
утром,рано,0,уехали,0,past,0,
утром,0,0,спросила,0,past,0,
утром,сегодня,0,сказала,0,past,0,
утром,в понедельник,0,обнаружил,0,past,0,
утром,0,0,наслаждаясь,0,converb,весенним,
утром,0,0,бывают,0,pres,ранним,
утром,0,0,other,0,predicative,добрым,1
утром,сегодня,0,звонил,0,past,0,
утром,0,0,отправил,0,past,0,
утром,0,0,other,0,predicative,0,
утром,0,0,было,1,past,серым,
утром,0,0,была,1,past,этим,
утром,поздно,0,проснулся,1,past,0,
утром,рано,0,проснулся,1,past,0,
утром,0,0,звоню,1,pres,0,
утром,0,0,вернуть,1,inf,0,
утром,0,0,other,1,predicative,0,
утром,0,0,будет,1,pres,0,
утром,0,0,позвонил,1,past,0,
утром,завтра,0,окончить,1,inf,0,
утром,рано,0,other,0,predicative,0,
утром,0,0,проснулся,0,past,0,
утром,0,0,other,0,predicative,0,
утром,рано,0,звонит,0,pres,0,
утром,0,0,выехал,0,past,ранним,
утром,0,0,попали,0,past,0,
утром,0,0,other,1,predicative,0,
утром,завтра,0,надо лететь,1,pres,0,
утром,0,0,улетал,1,past,0,
утром,сегодня,0,сделал,1,past,0,
утром,0,0,встретил,1,past,0,
утром,0,0,пить,1,inf,0,
утром,завтра,0,other,1,predicative,0,
утром,0,0,начала,0,past,0,
утром,воскресенье,0,other,0,predicative,0,
утром,11 марта,0,предложил,0,past,0,
утром,11 сентября,0,нанесла,0,past,0,
утром,12 сентября,0,вышла,0,past,0,
утром,рано + 12 сентября,0,был похищен,0,past,0,
утром,13 декабря,0,обратилась,0,past,0,
утром,14го,0,подала,0,past,0,
утром,16 ноября,0,послал,0,past,0,
утром,19го,0,спешу,0,pres,ранним,
утром,24 ноября,0,будет отдан,0,fut,0,
утром,26 июля,0,вошел,0,past,0,
утром,27 августа,0,умер,0,past,0,
утром,рано + 3 февраля,0,подходил,0,past,0,
утром,30 мин,0,может собирать,0,pres,0,
утром,4 июля,0,написал,0,past,0,
утром,4 ноября,0,получают,0,pres,0,
утром,рано + 6 ноября,0,собрались,0,past,0,
утром,8 сентября,0,скрылись,0,past,0,
утром,рано + 9 сентября 2004г,0,зарегистрировали,0,past,0,
утром,0,0,other,0,predicative,0,
утром,0,0,писал,0,past,0,
утром,0,0,прилетел,0,past,0,
утром,рано,0,дал слово быть,0,past,0,
утром,0,0,встанет,0,pres,0,
утром,0,0,завершился,0,past,0,
утром,0,0,пошёл,0,past,0,
утром,0,0,рекомендуется заводить,0,pres,0,
утром,через пять дней,0,подействовать,0,inf,0,
утром,0,0,захожу,0,pres,0,
утром,0,0,осматривают,0,pres,0,
утром,0,0,other,0,predicative,добрым,1
утром,0,0,нашли,0,past,0,
утром,0,0,other,0,predicative,добрым,1
утром,0,0,приходишь,0,pres,0,
утром,рано,0,сдергивает,0,pres,0,
утром,0,0,напало,0,past,0,
утром,0,0,бился,0,past,0,
утром,0,0,положили,0,past,0,
утром,0,0,бродили,0,past,сумрачным,
утром,0,0,будет видно,0,fut,0,
утром,0,0,будте видно,0,fut,0,
утром,0,0,будет хуже,0,fut,0,
утром,0,0,будишь,0,fut,0,
утром,0,0,прихожу,0,pres,0,
утром,0,0,не погубил,0,past,0,
утром,0,0,сорванная,0,ptcp,0,
утром,0,здесь,был,0,past,0,
утром,0,0,был,0,past,0,
утром,сегодня,0,была нужна,0,past,0,
утром,0,0,была свыше,0,past,0,
утром,9го,0,были,0,past,0,
утром,0,сюда,набрасывали,0,past,0,
утром,0,0,было,0,past,0,
утром,вчера,0,было,0,past,0,
утром,в 8 часов и вечером,0,кормить,0,inf,0,
утром,0,в автолавке,отвоевала,0,past,ранним,
утром,рано,0,связывают,0,pres,0,
утром,в воскресенье,0,забирает,0,pres,0,
утром,в воскресенье,0,вылезали,0,past,0,
утром,в воскресенье,0,собирается,0,fut,0,
утром,0,0,other,0,predicative,0,
утром,0,в горотделе,увидел,0,past,0,
утром,сегодня,в Грибоедовском зале,стащили,0,past,0,
утром,0,в дверь,застучали,0,past,0,
утром,0,в дверь,постучали,0,past,0,
утром,на следующий день,0,ждал,0,past,0,
утром,сегодня в 9 часов,0,ходила,0,past,0,
утром,в день венца,0,зафиксировано,0,predicative,0,
утром,в день выборов,0,проснувшись,0,ptcp,0,
утром,в день выезда,0,телеграфировал,0,past,0,
утром,в день концерта,0,не прилетела,0,past,0,
утром,в день похорон,0,звонила,0,past,0,
утром,в день экзамена,0,почитать,0,inf,0,
утром,0,в институте,узнал,0,past,0,
утром,0,в кабинете,произошёл,0,past,0,
утром,0,в кафе,other,0,predicative,0,
утром,на следующий день,в квартиру,ворвалась,0,past,0,
утром,0,в квартиру,пустил,0,past,0,
утром,0,в класс,вхожу,0,pres,0,
утром,0,в контору,other,0,predicative,0,
утром,0,в Красное Село,прибыл,0,past,0,
утром,0,в купе,входя,0,converb,0,
утром,0,0,полилось,0,past,0,
утром,0,в магазин,сбегал,0,past,0,
утром,в минувший вторник,0,пришлось,0,past,0,
утром,0,в Монтерее,увидел,0,past,0,
утром,0,в столовой,сидит,0,pres,0,
утром,сегодня,0,был,0,past,0,
утром,0,0,иду,0,pres,0,
утром,0,в номере,зашила,0,past,0,
утром,завтра,в областную,приезжайте,0,imp,0,
утром,0,0,other,0,predicative,0,
утром,рано,в Петербурге,было,0,past,0,
утром,0,"в ""Петербургских известиях""",прочёл,0,past,0,
утром,0,в поле,выехал,0,past,0,
утром,в понедельник,0,устроило бы,0,subj,0,
утром,0,в почтовом ящике,обнаружил,0,past,0,
утром,в пятницу,0,не находились,0,past,0,
утром,завтра в пять,у фонтана,other,0,predicative,0,
утром,рано,в сад,уйду,0,fut,0,
утром,в конце сентября,в Москву,вернулся,0,past,0,
утром,0,0,захотелось,0,past,0,
утром,в семь часов,0,other,0,predicative,0,
утром,0,в сумерках,подошёл,0,past,ранним,
утром,0,в Староселье и Зоричеве,загромыхали,0,past,ранним,
утром,0,в столовую,придя,0,converb,0,
утром,в субботу,0,прилететь,0,inf,0,
утром,0,0,выходили,0,past,ранним,
утром,0,в типографию,отпадает,0,pres,0,
утром,0,в чистилище,оказался,0,past,октябрьским,
утром,в 6:30,0,other,0,predicative,0,
утром,сегодня в шесть часов,0,уехали,0,past,0,
утром,0,в школе,other,0,predicative,0,
утром,в этот день,0,отправляет,0,pres,0,
утром,рано,0,позвонила,0,past,0,
утром,0,0,сочинила,0,past,0,
утром,рано,0,бежит,0,pres,0,
утром,0,0,произошло,0,past,0,
утром,0,0,вёл,0,past,0,
утром,0,0,сыпался,0,past,0,
утром,сегодня,0,вернулся,0,past,0,
утром,в субботу,0,удрал,0,past,0,
утром,0,0,услышав,0,converb,ранним,
утром,0,0,знал,0,past,0,
утром,0,0,читаем,0,pres,0,
утром,0,0,мазать,0,inf,0,
утром,0,0,видел,0,past,0,
утром,0,0,вышел,0,past,0,
утром,0,0,топали,0,past,0,
утром,0,0,проснувшись,0,converb,0,
утром,0,0,сказал,0,past,0,
утром,0,0,решив,0,converb,0,
утром,0,0,пьющие,0,ptcp,0,
утром,0,0,зачерпывая,0,converb,0,
утром,0,0,other,0,predicative,0,
утром,0,0,впустил,1,past,0,
утром,0,0,сказал,0,past,0,
утром,0,0,началось,0,past,0,
утром,0,0,началось,0,past,0,
утром,0,0,придут,0,pres,0,
утром,0,0,было,0,past,0,
утром,рано,0,делалось,0,past,0,
утром,завтра,0,собраться,0,inf,0,
утром,0,0,выгнали,0,past,этим,
утром,0,0,поведут,0,fut,0,
утром,0,0,вставала,0,past,0,
утром,0,0,встаёт,0,pres,0,
утром,0,0,встал,0,past,0,
утром,0,0,встал,0,past,0,
утром,0,0,встали,0,past,0,
утром,завтра,0,встанете,0,fut,0,
утром,0,0,встанешь,0,fut,0,
утром,завтра,0,встану,0,fut,0,
утром,0,0,встаю,0,pres,0,
утром,завтра,0,назначил,0,past,0,
утром,второго дня свадьбы,в юргинском районе,топили,0,past,0,
утром,рано,0,въезжает,0,pres,0,
утром,0,0,будете усталым,0,fut,0,
утром,0,0,срываетесь,0,pres,0,
утром,0,0,выбег,1,past,0,
утром,сегодня,0,выгнал,0,past,0,
утром,0,0,выдавался,0,past,0,
утром,сегодня,0,выехали,0,past,0,
утром,0,0,вызвали,0,past,0,
утром,0,0,выйдешь,0,fut,0,
утром,0,0,потерял,0,past,0,
утром,0,0,вымой,0,imp,0,
утром,0,0,вымыть,0,inf,0,
утром,0,0,вымыть,0,inf,0,
утром,0,0,выносили,0,past,0,
утром,0,0,выходим,0,fut,0,
утром,0,0,выхожу,0,pres,0,
утром,рано,0,вышел,0,past,0,
утром,0,0,выяснилось,0,past,0,
утром,0,0,выяснилось,0,past,0,
утром,на следующий день,0,поехали,0,past,0,
утром,0,0,other,0,predicative,0,
утром,0,0,вызвал,0,past,0,
утром,0,0,гладил,0,past,0,
утром,0,0,гладила,0,past,0,
утром,0,0,гляжу,0,pres,0,
утром,рано,0,глянула,0,past,0,
утром,0,0,блестела,0,past,0,
утром,0,0,говорил,0,past,0,
утром,0,0,говорил,0,past,0,
утром,0,0,говорило,0,past,0,
утром,0,0,разбудили,0,past,0,
утром,0,0,прибывает,0,pres,ранним,
утром,0,0,гремел,0,past,0,
утром,в воскресный,0,гудят,0,pres,0,
утром,0,0,гуляем,0,past,0,
утром,0,0,гуляет,0,pres,0,
утром,0,0,гуляли,0,past,0,
утром,рано,0,вошёл,0,past,0,
утром,в пятницу,0,пишу,0,pres,0,
утром,0,0,дают,0,pres,0,
утром,двадцать первого,0,приезжал,0,past,0,
утром,рано двадцать первого сентября,0,ехали,0,past,0,
утром,0,0,other,0,predicative,0,
утром,0,0,гудел,0,past,0,
утром,0,0,было,0,past,0,
утром,сегодня,0,объясняла,0,past,0,
утром,0,0,other,0,predicative,0,
утром,десять минут,0,живёт,0,pres,0,
утром,в понедельник,0,открывший,0,ptcp,0,
утром,0,0,уехал,0,past,0,
утром,0,0,молчали,0,past,0,
утром,0,0,спала,0,past,0,
утром,сегодня,0,рассказал,0,past,0,
утром,0,0,снимали,0,past,0,
утром,в воскресенье,0,производилась,0,past,0,
утром,0,0,постучал,0,past,0,
утром,до работы,0,кормил,0,past,0,
утром,сегодня до развода,0,назначил,0,past,0,
утром,0,0,other,0,predicative,0,
утром,0,0,доказывала,0,past,0,
утром,во вторник,0,заказал,0,past,0,
утром,0,0,просыпался,0,past,0,
утром,0,0,не завтракает,0,pres,0,
утром,0,0,подсаживается,0,pres,0,
утром,0,0,спросил,1,past,0,
утром,0,0,other,1,predicative,добрым,1
утром,0,0,other,0,predicative,0,
утром,0,0,зашитой,0,ptcp,0,
утром,0,0,пойду дышать,0,fut,свежим,
утром,0,0,зашла,0,past,0,
утром,0,0,сказала,0,past,0,
утром,0,0,вызвали,0,past,0,
утром,шестого,0,находят,0,pres,0,
утром,0,0,не оказалось,0,past,0,
утром,0,0,повели,0,past,безветренным,
утром,0,0,разбудила,0,past,ранним,
утром,0,0,сменят,0,fut,0,
утром,дня три назад рано,0,приволокли,0,past,0,
утром,рано,0,провожал,0,past,0,
утром,0,0,пришла,0,past,0,
утром,рано,0,проснулся,0,past,0,
утром,0,0,не выпустили,0,past,0,
утром,0,0,пришло в голову,0,past,0,
утром,0,0,приходилось забираться,0,past,0,
утром,0,0,гарантированы,0,predicative,0,
утром,0,0,сообщил,0,past,0,
утром,0,0,оправдывалась,0,past,0,
утром,рано,0,ехал,0,past,0,
утром,0,0,other,0,predicative,0,
утром,до семи,0,поймала,0,past,0,
утром,0,0,приехали,0,past,0,
утром,рано,0,пошли,0,past,0,
утром,0,0,казалась,0,past,0,
утром,0,0,встанешь,0,fut,0,
утром,0,0,предстоит,0,pres,0,
утром,0,0,выехал,0,past,0,
утром,0,0,ждала,0,past,0,
утром,завтра,0,жду,0,pres,0,
утром,0,0,соглашается,0,pres,0,
утром,0,0,увидел,0,past,0,
утром,0,0,чистил,0,past,0,
утром,0,0,говорит,0,pres,0,
утром,0,0,разбудил,0,pres,0,
утром,0,0,проснулись,0,past,0,
утром,0,0,розданный,0,ptcp,0,
утром,0,0,зашла,0,past,ранним,
утром,0,0,приходите,0,imp,0,
утром,0,0,заехала,0,past,0,
утром,0,0,садился,0,past,0,
утром,0,0,приставал,0,past,0,
утром,0,0,ссорились,0,past,0,
утром,0,0,забыла захватить,0,past,0,
утром,завтра,0,были,0,past,0,
утром,рано,0,other,0,predicative,0,
утром,0,0,сказал,0,past,0,
утром,сегодня,0,просунули,0,past,0,
утром,0,0,загромыхали,0,past,ранним,
утром,0,0,зайдёт,0,imp,0,
утром,0,0,назначают,0,pres,0,
утром,0,0,были заняты,0,past,0,
утром,рано,0,не пришла,0,past,0,
утром,0,0,запирала,0,past,0,
утром,0,0,заполнили,0,past,0,
утром,0,0,заревела,0,past,0,
утром,0,0,стала делать,0,past,0,
утром,0,0,разносит,0,pres,0,
утром,0,0,затихли,0,past,0,
утром,в понедельник,0,затонул,0,past,0,
утром,0,0,заходили,1,past,0,
утром,0,0,захотел,0,past,0,
утром,0,0,звоню,0,pres,0,
утром,0,0,идёт,0,pres,0,
утром,0,0,вскакивал,0,past,0,
утром,0,0,забирали,0,past,0,
утром,0,0,играет,0,pres,0,
утром,0,0,натирал,0,past,0,
утром,0,0,other,0,predicative,0,
утром,0,0,хватило бы,0,subj,0,
утром,0,0,other,0,predicative,0,
утром,0,0,носить,0,inf,0,
утром,0,0,ходила,0,past,0,
утром,0,0,запускал,0,past,0,
утром,0,0,гуляли,0,past,0,
утром,0,0,обливайте,0,imp,0,
утром,0,0,посидеть,0,inf,0,
утром,0,0,other,0,predicative,0,
утром,0,0,не забывал молиться,0,past,0,
утром,0,0,проснувшись,0,converb,0,
утром,0,0,ближе,0,predicative,0,
утром,0,0,приготовил,0,past,0,
утром,0,0,не дала завтракать,0,past,0,
утром,0,0,вырывается,0,pres,морозным зимним,
утром,0,0,пришли,0,past,февральским,
утром,0,0,договорились,0,past,0,
утром,0,0,пробовал,0,past,0,
утром,0,0,валил,0,past,0,
утром,0,0,не ест,0,pres,0,
утром,рано,0,уехал,0,past,0,
утром,0,0,стоял,0,past,ранним,
утром,рано,0,пришли,0,past,0,
утром,0,0,шёл,0,past,тусклым,
утром,0,0,убежали,0,past,0,
утром,рано,0,приходит,0,pres,0,
утром,0,0,веселилась,0,past,0,
утром,0,0,провожали,0,past,0,
утром,0,0,пришлось идти,0,past,0,
утром,0,0,представлял,0,past,0,
утром,рано,0,проснулись,0,past,0,
утром,0,из Америки,прилетевший,0,ptcp,0,
утром,сегодня,из Америки,прилетел,0,past,0,
утром,сегодня,0,украли,0,past,0,
утром,0,из дома,вышел,0,past,0,
утром,0,из дома,уйдя,0,converb,0,
утром,0,из милиции,выпущенный,0,ptcp,0,
утром,вчера,0,видел,0,past,0,
утром,0,0,выхожу,0,pres,0,
утром,0,0,сказал,0,past,0,
утром,рано,0,выйдя,0,converb,0,
утром,0,0,бывает,0,pres,ранним,
утром,сегодня,0,приехать,0,inf,0,
утром,сегодня,0,пришить,0,inf,0,
утром,июльского дня,0,пришлось увидеть,0,past,ранним,
утром,0,на работу,пожалует,0,fut,0,
утром,сегодня,0,приехал,0,past,0,
утром,0,в гараж,заходили,0,past,0,
утром,0,0,наметила поехать,0,past,0,
утром,0,0,казалась,0,past,0,
утром,завтра,0,услышим,0,fut,0,
утром,0,0,затопила,0,past,0,
утром,0,0,вставать,0,inf,0,
утром,0,0,пришёл,0,past,0,
утром,0,0,уходила,0,past,0,
утром,0,0,слышала,0,past,0,
утром,0,0,обнаружили,0,past,0,
утром,0,0,посмотрим,0,fut,0,
утром,0,0,знаете,1,pres,0,
утром,0,0,уедет,0,pres,0,
утром,0,0,приготовила,0,past,0,
утром,0,0,позвонили,0,past,0,
утром,через два дня,0,вошёл,0,past,0,
утром,0,0,зашёл,0,past,грустным,
утром,сегодня,0,познакомились,0,past,0,
утром,0,0,помнил,0,past,0,
утром,0,0,вышел,0,past,ранним,
утром,0,0,не знала,0,past,0,
утром,0,0,вышел,0,past,ярким осенним,
утром,0,0,сказать,0,inf,0,
утром,0,0,выползнают,0,pres,0,
утром,0,0,принесли,0,past,0,
утром,на следующий день,0,подошёл,0,past,0,
утром,0,0,спросил,0,past,0,
утром,0,0,сидел,0,past,далёким солнечным,
утром,0,0,плакал,0,past,0,
утром,0,0,занял,0,past,0,
утром,0,0,наводил,0,past,0,
утром,сегодня,0,other,0,predicative,0,
утром,0,0,ушла,0,past,0,
утром,0,0,проделывали,0,past,0,
утром,0,0,не оказалось,1,past,0,
утром,0,0,наполнишь,0,fut,0,
утром,сегодня,0,крикнул,0,past,0,
утром,рано,0,постучали,0,past,0,
утром,0,0,ошарашивают,0,pres,0,
утром,0,0,стали проверять,0,past,0,
утром,0,0,отдавалась,0,past,ранним,
утром,0,0,other,0,predicative,0,
утром,0,0,не забудь приложиться,1,fut,0,
утром,0,0,узнали,1,past,0,
утром,0,0,встали,0,past,0,
утром,сегодня,0,открылась,1,past,0,
утром,0,0,принёс,0,past,0,
утром,0,0,сообщили,0,past,0,
утром,0,0,other,0,predicative,0,
утром,0,0,other,0,predicative,добрым,1
утром,0,0,был,0,past,0,
утром,12го,0,other,0,predicative,0,
утром,0,0,проснулся,0,past,0,
утром,0,0,кормила,0,past,0,
утром,0,0,кормили,0,past,0,
утром,сегодня,0,дозвонился,0,past,0,
утром,0,0,отправил,0,past,0,
утром,рано,0,погас,0,past,0,
утром,0,0,насладиться,0,inf,0,
утром,0,0,подавать,0,inf,0,
утром,0,0,получали,0,past,0,
утром,0,0,сдал,0,past,0,
утром,0,0,купить,0,inf,0,
утром,0,0,купленная,0,ptcp,0,
утром,0,0,не любит кушать,0,pres,0,
утром,0,0,просыпался,0,past,0,
утром,на другой день,0,не замедлила явиться,0,past,0,
утром,на следующий день рано,0,приехал,0,past,0,
утром,0,0,моет,0,pres,0,
утром,рано,0,ушёл,0,past,0,
утром,0,0,хрустели,0,past,0,
утром,0,0,начала пылесосить,0,past,0,
утром,0,0,вошла,0,past,0,
утром,0,0,оставалась,0,past,0,
утром,0,0,провожала,0,past,0,
утром,0,0,проснулся,0,past,октябрьским,
утром,0,0,встала,0,past,0,
утром,0,0,уходила,0,past,0,
утром,0,0,зевает,0,pres,0,
утром,0,0,чистили,0,past,0,
утром,0,0,ушла,0,past,0,
утром,мартовских ид,0,понял,0,past,0,
утром,0,0,спросила,0,past,0,
утром,в понедельник,0,увезла,0,past,0,
утром,0,0,печатала,0,past,0,
утром,0,0,проснулся,0,past,0,
утром,0,0,кольнуло,0,past,0,
утром,0,0,впустили,0,past,0,
утром,0,0,вычеркнули,0,past,0,
утром,0,0,остановили,0,past,тёплым воскресным,
утром,0,0,тошнило,0,past,0,
утром,0,0,заинтересовало,0,past,0,
утром,0,0,other,0,predicative,0,
утром,0,0,other,0,predicative,0,
утром,0,мимо его окон,проходили,0,past,0,
утром,минута в минуту,0,стучал,0,past,0,
утром,0,0,было холодно,0,past,0,
утром,рано,0,вручили,0,past,0,
утром,0,0,напомнили,0,past,0,
утром,0,0,нужно сделать,0,modal,0,
утром,через день рано,0,позвонили,0,past,0,
утром,рано,0,позвонили,0,past,0,
утром,0,0,принёс,0,past,0,
утром,0,0,размышлял,0,past,0,
утром,завтра,0,можете уходить,0,modal,0,
утром,0,0,встал,0,past,летним,
утром,0,0,отвёз,0,past,0,
утром,0,0,вспоминать,0,inf,0,
утром,0,0,попадём,0,fut,0,
утром,0,0,выходим,0,pres,0,
утром,рано,0,похоронили,0,past,0,
утром,0,0,играли,0,past,0,
утром,двенадцатого,0,не встретимся,0,fut,0,
утром,0,0,поехали купаться,0,past,0,
утром,0,0,раздували,0,past,0,
утром,0,0,свалили,0,past,0,
утром,завтра,0,полетим,0,fut,0,
утром,в 12 час,0,собирались,0,past,0,
утром,сегодня,0,поговорили,0,past,0,
утром,0,0,зажмём,0,fut,0,
утром,0,0,был съеден,0,past,0,
утром,0,на вокзал,еду,0,pres,0,
утром,0,0,проснуться,0,inf,субботним сентябрьским,
утром,на другой день,0,собрался уходить,0,past,0,
утром,рано на другой день,0,увидал,0,past,0,
утром,на заре,0,поднимется,0,fut,0,
утром,рано,0,возратился,0,past,0,
утром,0,на мопед,села,0,past,0,
утром,0,на обходе,говорю,0,pres,0,
утром,0,0,прикативший,0,ptcp,0,
утром,рано,на плацу,высказался,0,past,0,
утром,рано,на поле,собрали,0,past,0,
утром,0,на полке,увидел,0,past,0,
утром,шестого июля,на пустыре,был найден,0,past,0,
утром,0,на работу,other,0,predicative,0,
утром,0,на работу,other,0,predicative,0,
утром,0,на работу,приходя,0,converb,0,
утром,рано,0,ушёл,0,past,0,
утром,0,0,пошли,0,past,0,
утром,0,0,проверил,0,past,0,
утром,на следующий день,0,ждала,0,past,0,
утром,на следующий день,0,отвёз,0,past,0,
утром,0,на службу,отправился,0,past,0,
утром,0,на стенах,расклеивались,0,past,0,
утром,0,на углу,появилось,0,past,0,
утром,0,на улицу,выходит,0,pres,0,
утром,0,на холмах,слышите,0,pres,0,
утром,рано,на шестидесятом километре,нашли,0,past,0,
утром,сегодня,0,наведывался,0,past,0,
утром,0,0,навёл,0,past,0,
утром,0,0,хохотал,0,past,0,
утром,0,0,надевая,0,converb,0,
утром,0,0,надел,0,past,0,
утром,0,0,надо было,0,modal,0,
утром,0,0,надо проверит,0,modal,0,
утром,0,0,разбудили,0,past,0,
утром,накануне ночи с пятнадцатого на шестнадцатое,0,думал,0,past,0,
утром,накануне этой ночи,0,не спал,0,past,0,
утром,0,0,надо накормить,0,modal,0,
утром,0,0,налетели,0,past,следующим,
утром,0,0,нанял,0,past,0,
утром,0,0,написал,0,past,0,
утром,0,0,сказал,0,past,0,
утром,0,0,вывели,0,past,0,
утром,0,0,разбудили,0,past,0,
утром,0,0,выпивать,0,inf,0,
утром,0,0,нашли,0,past,0,
утром,0,0,начинается,0,pres,0,
утром,0,0,начиналось,0,past,0,
утром,сегодня,0,начнём,0,fut,0,
утром,0,0,нашли,0,past,0,
утром,0,0,не будет,0,fut,0,
утром,0,0,не запоздниться,0,inf,0,
утром,0,0,не знаешь,0,pres,0,
утром,0,0,не мог вспомнить,0,modal,0,
утром,рано,0,не мог представить,0,modal,0,
утром,0,0,не моет,0,pres,0,
утром,0,0,не обойдёмся,0,fut,0,
утром,0,0,не пошли,0,past,0,
утром,0,0,не приехал,0,past,0,
утром,сегодня,0,не явился,0,past,0,
утром,0,0,вышла,0,past,ранним,
утром,0,0,было невозможно,0,past,0,
утром,0,0,заявится,0,fut,0,
утром,0,0,пришёл,0,past,0,
утром,0,0,принимался гоняться,0,past,0,
утром,0,0,other,0,predicative,0,
утром,сегодня,0,не нашла,0,past,0,
утром,завтра,0,спрашивал,0,past,0,
утром,0,0,не ем,0,pres,0,
утром,0,0,не говорили,0,past,0,
утром,0,0,не сказал,0,past,0,
утром,0,0,не поймёшь,0,fut,0,
утром,0,0,не успевший,0,ptcp,0,
утром,нынче,0,приказал,0,past,0,
утром,0,0,other,0,predicative,0,
утром,0,0,нужно идти,0,modal,0,
утром,0,0,встали проводить,0,past,0,
утром,0,0,договорились,0,past,0,
утром,0,0,договорились,0,past,0,
утром,сегодня,0,обожали,0,past,0,
утром,0,0,спрашивает,0,pres,0,
утром,0,0,встал,0,past,0,
утром,0,0,оказалось,0,past,0,
утром,0,около глинистого оврага,расстреливали,0,past,0,
утром,0,0,велел,0,past,0,
утром,0,0,разобрал,0,past,0,
утром,0,0,встал,0,past,0,
утром,сегодня,0,вышел,0,past,0,
утром,0,0,закусывал,0,past,0,
утром,0,0,зашёл,0,past,0,
утром,сегодня,0,купался,0,past,0,
утром,0,0,написал,0,past,0,
утром,0,0,объявил,0,past,0,
утром,0,0,оглядывал,0,past,0,
утром,0,0,оттянул,0,past,0,
утром,0,0,пил,0,past,0,
утром,0,0,побежал,0,past,0,
утром,0,0,подавал,0,past,0,
утром,рано,0,поехал,0,past,0,
утром,в воскресный день,0,будет косить,0,fut,0,
утром,вчера,0,потерял,0,past,0,
утром,0,0,проснувшись,0,converb,0,
утром,0,0,приоткрывал,0,past,0,
утром,0,0,проснулся,0,past,0,
утром,0,0,проснулся,0,past,0,
утром,0,0,запер,0,past,0,
утром,0,0,ушёл,0,past,0,
утром,завтра,0,будет послана,0,fut,0,
утром,0,0,была,0,past,0,
утром,0,0,взяла,0,past,0,
утром,0,0,вставала,0,past,0,
утром,0,0,отказалась доехать,0,past,0,
утром,0,0,начала чувствовать,0,past,0,
утром,0,0,позвонила,0,past,0,
утром,0,0,представилась,0,past,0,
утром,0,0,прибегала,0,past,0,
утром,0,0,пришла,0,past,0,
утром,0,0,проводила,0,past,0,
утром,рано,0,разбудила,0,past,0,
утром,0,0,дошла,0,past,0,
утром,0,0,сидела,0,past,зимним,
утром,0,0,спрашивает,0,pres,0,
утром,0,0,просыпаетесь,0,pres,0,
утром,0,0,увидела,0,past,0,
утром,0,0,ходит,0,pres,0,
утром,0,0,шла,0,past,0,
утром,0,0,вышли,0,past,0,
утром,0,0,пошли,0,past,0,
утром,0,0,простились,0,past,0,
утром,0,0,проходили,0,past,ранним,
утром,0,0,сидели,0,past,ранним,
утром,0,0,увидели,0,past,0,
утром,0,0,увидели,0,past,0,
утром,0,0,ушли,0,past,0,
утром,0,0,шли,0,past,0,
утром,сегодня,0,вербовал,0,past,0,
утром,0,0,совершил,0,past,0,
утром,0,0,other,0,predicative,0,
утром,0,0,other,0,predicative,0,
утром,завтра,0,переться,0,inf,0,
утром,0,0,оставили,0,past,0,
утром,0,0,должен дать,0,modal,0,
утром,0,0,открываете,0,pres,мирным послевоенным,
утром,0,0,отнёс,0,past,0,
утром,завтра,0,отправится,0,fut,0,
утром,0,0,очнулся,0,past,0,
утром,0,0,падает,0,pres,0,
утром,0,0,проснулся,0,past,0,
утром,0,0,other,0,predicative,0,
утром,0,0,other,0,predicative,0,
утром,0,0,забрали,0,past,0,
утром,первого сентября,0,проснулся,0,past,0,
утром,0,0,позвонил,0,past,0,
утром,0,0,были эвакуированы,0,past,0,
утром,0,0,переворачивал,0,past,0,
утром,перед занятиями,0,съела,0,past,0,
утром,перед операцией,0,лежал,0,past,0,
утром,завтра перед отъездом,0,зайдём,0,fut,0,
утром,перед приходом,0,сказала,0,past,0,
утром,на другой день перед раздачей,0,пришла,0,past,0,
утром,на другой день перед самым отъездом,0,увиделся,0,past,0,
утром,0,0,other,0,predicative,0,
утром,0,0,other,0,predicative,добрым,1
утром,0,0,пила,0,past,0,
утром,давеча,0,принялась,0,past,0,
утром,0,0,окажется,0,fut,0,
утром,0,по дороге,охватывало,0,past,0,
утром,0,по дороге,увидела,0,past,0,
утром,0,0,заночевал,0,past,0,
утром,0,по спешным делам,уезжая,0,converb,0,
утром,0,0,звонил,0,past,0,
утром,0,0,прокричали,0,past,0,
утром,0,0,побреешься,0,fut,0,
утром,сегодня,0,погибли,0,past,0,
утром,рано,0,уезжала,0,past,0,
утром,0,0,приносил,0,past,0,
утром,0,0,целовался,0,past,0,
утром,0,0,подул,0,past,0,
утром,0,0,поедем,0,fut,0,
утром,0,0,поедешь,0,pres,0,
утром,0,0,поедешь,0,pres,0,
утром,рано,0,поехал,0,past,0,
утром,0,0,позавтракать,0,inf,0,
утром,0,0,позанимаетесь,0,pres,0,
утром,рано,0,позвонил,0,past,0,
утром,0,0,позвонил,0,past,0,
утром,сегодня,0,позвонила,0,past,0,
утром,0,0,позвонила,0,past,0,
утром,завтра,0,позвоним,0,fut,0,
утром,0,0,догадался позвонить,0,past,0,
утром,поздно,0,освобождает,0,pres,0,
утром,0,0,поищет,0,fut,0,
утром,0,0,пойти,0,inf,0,
утром,0,0,любила приходить,0,past,0,
утром,завтра,0,other,0,predicative,0,
утром,0,0,покинули,0,past,раннимранним,
утром,на другой день,0,зашёл,0,past,0,
утром,0,0,получили,0,past,0,
утром,0,0,нашёл,0,past,ранним,
утром,0,0,был мягкий,0,past,0,
утром,0,0,выбрал,0,past,0,
утром,0,0,спросил,0,past,0,
утром,0,0,other,0,predicative,0,
утром,0,0,достаточно,0,predicative,0,
утром,после завтрака,0,писал,0,past,0,
утром,после завтрака,0,пошёл,0,past,0,
утром,после завтрака,0,разъезжаются,0,pres,0,
утром,0,0,было решено,0,past,0,
утром,рано,0,испытывал,0,past,0,
утром,0,0,не утонули,0,past,0,
утром,0,0,посмотрим,0,fut,0,
утром,0,0,посмотим,0,fut,0,
утром,0,0,звонил,0,past,0,
утром,0,0,пошёл,0,past,0,
утром,рано,0,пошёл,0,past,0,
утром,на другой день,0,пошёл,0,past,0,
утром,0,0,появилась,0,past,0,
утром,0,0,появилась,0,past,0,
утром,сегодня,0,появился,0,past,0,
утром,0,0,появлялся,0,past,0,
утром,0,0,приезжает,0,pres,0,
утром,0,0,разбили,0,past,0,
утром,0,0,делать,0,inf,0,
утром,вчера,0,увидев,0,converb,0,
утром,0,0,other,0,predicative,0,
утром,рано,0,произошло,0,past,0,
утром,рано,0,прибежал,0,past,0,
утром,0,0,начинал,0,past,0,
утром,0,0,отходит,0,pres,0,
утром,сегодня рано,0,прибыли,0,past,0,
утром,0,0,привезли,0,past,0,
утром,завтра,0,придёт,0,fut,0,
утром,0,0,придешь,0,fut,0,
утром,0,0,other,0,predicative,0,
утром,0,0,приехал,0,past,0,
утром,рано,0,приехал,0,past,0,
утром,на третий день,0,приехал,0,past,0,
утром,0,0,приехал,0,past,0,
утром,0,0,прилетали,0,past,0,
утром,завтра,0,прилетит,0,fut,0,
утром,0,0,ворвались,0,past,пятничным,
утром,сегодня,0,присматривал,0,past,0,
утром,на четвёртый день,0,приступил,0,past,0,
утром,0,0,приходили,0,past,0,
утром,0,0,приходило,0,past,0,
утром,0,0,пришёл,0,past,0,
утром,0,0,пришёл,0,past,0,
утром,вчера,0,пришёл,0,past,0,
утром,завтра,0,пришла,0,past,0,
утром,0,0,пришли,0,past,0,
утром,0,0,пришли,0,past,0,
утром,0,0,пришло,0,past,0,
утром,0,0,надо проверить,0,modal,0,
утром,0,0,кричала,0,past,0,
утром,завтра,0,проснешься,0,fut,0,
утром,0,0,проснешься,0,fut,0,
утром,0,0,подумает,0,fut,0,
утром,0,0,проснулся,0,past,0,
утром,0,0,проснусь,0,fut,0,
утром,0,0,проспала,0,past,0,
утром,0,0,просыпаемся,0,pres,0,
утром,0,0,просыпаемся,0,pres,0,
утром,0,0,просыпаемся,0,pres,0,
утром,0,0,просыпаются,0,pres,0,
утром,0,0,опасался,0,past,0,
утром,0,0,сажусь,0,pres,0,
утром,0,0,протиснулся,0,past,декабрьским,
утром,0,0,прошёл,0,past,0,
утром,завтра,0,прошу,0,pres,0,
утром,пятницы,0,гуляли,0,past,0,
утром,0,0,other,0,predicative,0,
утром,завтра,0,улупить,0,inf,0,
утром,0,0,other,0,predicative,0,
утром,0,0,принесло,0,past,0,
утром,0,0,разберёмся,0,fut,0,
утром,0,0,разбудили,0,past,0,
утром,рано,0,раздался,0,past,0,
утром,  на следующий день рано,0,раздался,0,past,0,
утром,0,0,разорвали,0,past,0,
утром,0,0,разошлись,0,past,0,
утром,0,0,разразился,0,past,0,
утром,рано,0,проснулся,0,past,0,
утром,рано,0,разбуди,0,fut,0,
утром,на другой день рано,0,приехал,0,past,0,
утром,сегодня рано,0,звонила,0,past,0,
утром,0,0,пошёл,0,past,0,
утром,0,0,репетировал,0,past,0,
утром,0,0,other,0,predicative,0,
утром,сегодня,0,принёс,0,past,0,
утром,0,0,отплыл,0,past,0,
утром,0,0,выйдет,0,fut,0,
утром,0,0,other,0,predicative,туманным,
утром,0,0,могу проснуться,0,modal,0,
утром,0,0,говорил,0,past,0,
утром,в понедельник,0,не полезет,0,fut,0,
утром,0,0,не вязалось,0,past,солнечным,
утром,0,0,привозили,0,past,0,
утром,рано,0,уехал,0,past,0,
утром,0,0,увидел,0,past,0,
утром,0,0,истопила,0,past,0,
утром,0,0,встретился,0,past,0,
утром,0,0,вышел,0,past,0,
утром,0,0,жаловался,0,past,0,
утром,сегодня,0,other,0,predicative,0,
утром,0,0,прицепляли,0,past,ранним,
утром,в день отъезда,0,светила,0,past,0,
утром,0,0,вернулся,0,past,0,
утром,17го июля,0,была,0,past,0,
утром,0,0,залейте,0,imp,0,
утром,0,0,подобрал,0,past,субботним,
утром,0,0,ушёл,0,past,0,
утром,0,0,other,0,predicative,добрым,1
утром,0,0,сидел,0,past,0,
утром,0,0,сидела,0,past,0,
утром,0,0,сидели,0,past,0,
утром,0,0,ходим,0,pres,0,
утром,завтра,0,объяснюсь,0,fut,0,
утром,сегодня,0,разговаривал,0,past,0,
утром,сегодня,0,сказал,0,past,0,
утром,0,0,сказала,0,past,0,
утром,0,0,позвонили,0,past,0,
утром,0,0,попал,0,past,0,
утром,0,0,сколачивал,0,past,0,
утром,0,0,сколотил,0,past,0,
утром,0,0,принимаем,0,pres,0,
утром,следующего дня,0,рассказал,0,past,0,
утром,следующего дня,0,освободил,0,past,0,
утром,следующего дня,0,вызвал,0,past,0,
утром,следующего дня,0,появилась,0,past,0,
утром,следующего дня,0,едет,0,pres,0,
утром,следующего дня,0,погрузиться,0,inf,0,
утром,следующего дня,0,пошли,0,past,0,
утром,следующего дня,0,пришёл,0,past,0,
утром,следующего дня,0,шёл,0,past,0,
утром,завтра,0,other,0,predicative,0,
утром,0,0,смотришь,0,pres,0,
утром,0,0,просыпаешься,0,pres,0,
утром,0,0,собирается,0,pres,0,
утром,0,0,вспомнил,0,past,0,
утром,0,0,собрали,0,past,0,
утром,0,0,разбудил,0,past,0,
утром,рано,0,просыпалась,0,past,0,
утром,0,0,созвонимся,0,fut,0,
утром,0,0,сопровождал,0,past,0,
утром,0,0,пришла,0,past,0,
утром,другой день,0,собралась,0,past,0,
утром,0,0,сохнет,0,pres,0,
утром,0,0,спускать,0,inf,0,
утром,0,0,спускаюсь,0,pres,0,
утром,0,0,стала чувствовать,0,past,0,
утром,0,0,старалась умываться,0,past,0,
утром,0,0,стоял,0,past,0,
утром,0,0,стояла,0,past,0,
утром,0,0,приехавшие,0,ptcp,0,
утром,0,0,other,0,predicative,0,
утром,0,0,other,0,predicative,0,
утром,завтра,0,принесут,0,fut,0,
утром,0,0,приходить,0,inf,0,
утром,вчера,0,не смогли вылететь,0,modal,0,
утром,сегодня,0,был,0,past,0,
утром,0,0,other,0,predicative,0,
утром,сегодня,0,звонила,0,past,0,
утром,0,0,всовывалась,0,past,ранним,
утром,0,0,был,0,past,0,
утром,0,0,были посажены,0,past,0,
утром,рано,0,пойдёте,0,fut,0,
утром,того дня,0,повёл,0,past,0,
утром,того же дня,0,приходила,0,past,0,
утром,0,в город,поеду,0,fut,0,
утром,0,0,прозвенит,0,fut,0,
утром,завтра,0,вернётся,0,fut,0,
утром,0,0,освободить,0,inf,0,
утром,0,0,спасаются,0,pres,0,
утром,0,0,other,0,predicative,0,
утром,0,0,продолжала думать,0,past,0,
утром,0,0,сказал,0,past,0,
утром,0,0,тронулись,0,past,0,
утром,0,0,находят,0,pres,0,
утром,0,0,налетит,0,fut,0,
утром,0,0,проснулся,0,past,0,
утром,0,0,были,0,past,0,
утром,завтра,0,будет лежать,0,fut,0,
утром,0,0,other,0,predicative,0,
утром,0,0,появился,0,past,0,
утром,0,0,болела,0,past,0,
утром,сегодня,0,родилась,0,past,0,
утром,0,0,попались,0,past,0,
утром,0,0,был,0,past,0,
утром,0,0,были,0,past,0,
утром,0,0,произошёл,0,past,0,
утром,0,0,очнулся,0,past,0,
утром,0,0,подберёт,0,fut,0,
утром,рано,0,очнулся,0,past,0,
утром,0,0,увидела,0,past,0,
утром,0,0,увидимся,0,fut,0,
утром,завтра рано,0,уезжаю,0,pres,0,
утром,0,0,уехал,0,past,0,
утром,0,0,уехал,0,past,0,
утром,0,0,уехали,0,past,0,
утром,0,0,возвестили,0,past,0,
утром,завтра,0,придёт,0,fut,0,
утром,0,0,вытащили,0,past,0,
утром,0,0,надо покормить,0,modal,0,
утром,0,0,ухаживавшая,0,ptcp,0,
утром,0,0,уходили,0,past,0,
утром,0,0,ушла,0,past,0,
утром,0,0,хватала,0,past,0,
утром,0,0,повезём хоронить,0,fut,0,
утром,0,0,пить,0,inf,0,
утром,0,0,попили,0,past,0,
утром,часа два,0,отнимала,0,past,0,
утром,часов в одиннадцать,0,отправился,0,past,0,
утром,часов в пять,0,хватились,0,past,0,
утром,0,0,позвонить,0,inf,0,
утром,0,0,поднялся,0,past,0,
утром,весенего нисана,0,вышел,0,past,ранним,
утром,0,0,чистят,0,pres,0,
утром,сегодня,0,познакомился,0,past,0,
утром,0,0,искать,0,inf,0,
утром,0,0,придумается,0,fut,0,
утром,0,0,просила приехать,0,past,0,
утром,рано,0,дать,0,inf,0,
утром,рано,0,выходит,0,pres,0,
утром,0,0,other,0,predicative,0,
утром,шестого июля,0,происходило,0,past,0,
утром,шестого июля,0,не возникло,0,past,0,
утром,0,0,получали,0,past,0,
утром,на другой день рано,0,уехал,0,past,0,
утром,0,0,пришлось шлёпнуть,0,past,0,
утром,0,0,вбежал,0,past,0,
утром,0,0,пошёл,0,past,0,
утром,0,0,шуганула,0,past,0,
утром,0,0,делал,0,past,0,
утром,0,0,other,0,predicative,0,
утром,0,0,other,0,predicative,0,
утром,0,0,выпускают,0,pres,0,
утром,0,0,проснётся,0,fut,0,
утром,0,0,сказал,0,past,0,
утром,0,0,бегу,0,pres,0,
утром,завтра,0,буду,0,fut,0,
утром,0,0,буду,0,fut,0,
утром,0,0,был,0,past,0,
утром,вчера,0,была,0,past,0,
утром,0,0,поеду,0,fut,0,
утром,рано,0,встретил,0,past,0,
утром,0,0,выбежал,0,past,0,
утром,рано,0,вышел,0,past,0,
утром,0,0,говорил,0,past,0,
утром,0,0,не хочу проснуться,0,pres,0,
утром,завтра,0,позвною,0,fut,0,
утром,0,0,забывал,0,past,0,
утром,0,0,занёс,0,past,0,
утром,на другой день,0,застал,0,past,0,
утром,0,0,пришлю,0,fut,0,
утром,0,0,ходила,0,past,0,
утром,0,0,other,0,predicative,0,
утром,0,0,не выдержал,0,past,субботним,
утром,0,0,не пошёл,0,past,следующим,
утром,сегодня,0,обнаружила,0,past,0,
утром,сегодня,0,не помню,0,pres,0,
утром,перед отъездом,0,отправился,0,past,0,
утром,0,0,отправился,0,past,0,
утром,0,0,пил,0,past,0,
утром,0,0,повидался,0,past,0,
утром,0,0,получил,0,past,0,
утром,0,0,почистился,0,past,0,
утром,сегодня,0,пошла,0,past,0,
утром,0,0,просматривал,0,past,0,
утром,на другой день,0,проснулся,0,past,0,
утром,0,0,проснулся,0,past,0,
утром,сегодня,0,просыпаюсь,0,pres,0,
утром,0,0,иду,0,pres,0,
утром,рано,0,сидел,0,past,0,
утром,завтра,0,скажу,0,fut,0,
утром,0,0,звонил,0,past,0,
утром,0,0,съездил,0,past,0,
утром,на другой день,0,стал подходить,0,past,0,
утром,0,0,уехал,0,past,0,
утром,0,0,узнал,0,past,0,